1,"LasithMalinga
MI",107,107,415.3,2869,152,5/13,18.87,6.9,16.4,4,1
2,"Amit Mishra
Sunrisers Hyderabad",125,125,436.5,3227,134,5/17,24.08,7.38,19.55,3,1
3,"Harbhajan Singh
Mumbai Indians",136,134,486.3,3385,127,5/18,26.65,6.95,22.98,1,1
4,"Piyush Chawla
Kolkata Knight Riders",127,126,420.1,3200,123,4/17,26.01,7.61,20.49,2,0
5,"Dwayne Bravo
Gujarat Lions",106,103,336.2,2754,122,4/22,22.57,8.18,16.54,2,0
6,"Bhuvneshwar Kumar
Sunrisers Hyderabad",88,88,325.5,2303,108,5/19,21.32,7.06,18.1,2,1
7,"Ashish Nehra
Sunrisers Hyderabad",88,88,318,2495,106,4/10,23.53,7.84,18,1,0
8,"Zaheer Khan
Delhi Daredevils",99,98,361.4,2745,101,4/17,27.17,7.58,21.48,1,0
9,"Vinay Kumar
Mumbai Indians",102,101,346.4,2870,101,4/40,28.41,8.27,20.59,1,0
10,"Ravichandran Ashwin
Rising Pune Supergiant",111,108,381.4,2500,100,4/34,25,6.55,22.9,1,0
Pos,Player,Mat,Inns,Overs,Runs,Wkts,BBI,Avg,Econ,SR,4w,5w
11,"Sunil Narine
Kolkata Knight Riders",79,78,309,1953,95,5/19,20.55,6.32,19.51,6,1
12,"Dale Steyn
Gujarat Lions",90,90,343,2306,92,3/8,25.06,6.72,22.36,0,0
13,"RP Singh
Rising Pune Supergiant",82,82,295.5,2338,90,4/22,25.97,7.9,19.72,2,0
14,"Pragyan Ojha
Mumbai Indians",92,90,316.3,2332,89,3/11,26.2,7.36,21.33,0,0
15,"Praveen Kumar
Gujarat Lions",118,118,416.4,3229,88,3/18,36.69,7.74,28.4,0,0
16,"Umesh Yadav
Kolkata Knight Riders",91,90,311.5,2623,88,4/24,29.8,8.41,21.26,2,0
17,"Shane Watson
Royal Challengers Bangalore",101,93,306.1,2415,85,4/29,28.41,7.88,21.61,1,0
18,"Albie Morkel
Rising Pune Supergiant",91,87,287.1,2359,85,4/32,27.75,8.21,20.27,1,0
19,"Mohit Sharma
Kings XI Punjab",74,74,254.4,2070,83,4/14,24.93,8.12,18.4,1,0
20,"Ravindra Jadeja
Gujarat Lions",137,111,317.5,2487,82,5/16,30.32,7.82,23.25,3,1
Pos,Player,Mat,Inns,Overs,Runs,Wkts,BBI,Avg,Econ,SR,4w,5w
21,"Irfan Pathan
Gujarat Lions",103,101,340.3,2649,80,3/24,33.11,7.77,25.53,0,0
22,"Morne Morkel
Kolkata Knight Riders",70,70,271.3,2089,77,4/20,27.12,7.69,21.15,1,0
23,"Dhawal Kulkarni
Gujarat Lions",72,72,236,1881,76,4/14,24.75,7.97,18.63,1,0
24,"Lakshmipathy Balaji
Kings XI Punjab",73,73,251.5,2029,76,5/24,26.69,8.05,19.88,3,1
25,"Munaf Patel
Gujarat Lions",62,62,222.5,1676,74,5/21,22.64,7.52,18.06,2,1
26,"Rajat Bhatia
Rising Pune Supergiant",95,91,272.4,2020,71,4/15,28.45,7.4,23.04,1,0
27,"Sandeep Sharma
Kings XI Punjab",55,55,202.1,1575,71,4/20,22.18,7.79,17.08,2,0
28,"Yuzvendra Chahal
Royal Challengers Bangalore",55,54,195.3,1545,70,4/25,22.07,7.9,16.75,1,0
29,"Ashok Dinda
Rising Pune Supergiant",78,75,251.4,2071,68,4/18,30.45,8.22,22.2,1,0
30,"Siddharth Trivedi
Rajasthan Royals",76,75,251,1904,65,4/25,29.29,7.58,23.16,1,0
Pos,Player,Mat,Inns,Overs,Runs,Wkts,BBI,Avg,Econ,SR,4w,5w
31,"Jacques Kallis
Kolkata Knight Riders",98,89,290.2,2293,65,3/13,35.27,7.89,26.8,0,0
32,"Muttiah Muralitharan
Royal Challengers Bangalore",66,66,254,1696,63,3/11,26.92,6.67,24.19,0,0
33,"Ishant Sharma
Kings XI Punjab",75,75,271.5,2219,59,5/12,37.61,8.16,27.64,0,1
34,"James Faulkner
Gujarat Lions",59,59,202.3,1754,59,5/16,29.72,8.66,20.59,0,2
35,"Shane Warne
Rajasthan Royals",55,54,199,1447,57,4/21,25.38,7.27,20.94,1,0
36,"Axar Patel
Kings XI Punjab",58,58,206.3,1534,57,4/21,26.91,7.42,21.73,1,0
37,"Kieron Pollard
Mumbai Indians",119,81,199.5,1770,56,4/44,31.6,8.85,21.41,1,0
38,"Chris Morris
Delhi Daredevils",48,48,167,1260,53,4/23,23.77,7.54,18.9,2,0
39,"Mitchell Johnson
Kings XI Punjab",45,45,172.2,1402,53,3/27,26.45,8.13,19.5,0,0
40,"Mitchell McClenaghan
Mumbai Indians",39,39,150.2,1283,53,4/21,24.2,8.53,17.01,1,0
Pos,Player,Mat,Inns,Overs,Runs,Wkts,BBI,Avg,Econ,SR,4w,5w
41,"Jaydev Unadkat
Rising Pune Supergiant",44,43,152.2,1253,51,5/25,24.56,8.22,17.92,0,2
42,"Shadab Jakati
Gujarat Lions",59,57,180.5,1450,47,4/22,30.85,8.01,23.08,2,0
43,"Imran Tahir
Rising Pune Supergiant",32,32,119.2,992,47,4/28,21.1,8.31,15.23,1,0
44,"Anil Kumble
Royal Challengers Bangalore",42,42,160.5,1058,45,5/5,23.51,6.57,21.44,2,1
45,"Ryan Harris
Kings XI Punjab",37,37,138.4,1047,45,4/34,23.26,7.55,18.48,1,0
46,"Sreenath Arvind
Royal Challengers Bangalore",38,38,126.4,1039,45,4/14,23.08,8.2,16.88,2,0
47,"Shakib Al Hasan
Kolkata Knight Riders",43,42,153.3,1101,43,3/17,25.6,7.17,21.41,0,0
48,"Karn Sharma
Mumbai Indians",51,51,157.2,1233,43,4/38,28.67,7.83,21.95,1,0
49,"Yusuf Pathan
Kolkata Knight Riders",147,79,187.2,1385,42,3/11,32.97,7.39,26.76,0,0
50,"Jasprit Bumrah
Mumbai Indians",44,45,163,1339,41,3/13,32.65,8.21,23.85,0,0
Pos,Player,Mat,Inns,Overs,Runs,Wkts,BBI,Avg,Econ,SR,4w,5w
51,"Rahul Sharma
Chennai Super Kings",44,44,154.4,1086,40,3/13,27.15,7.02,23.2,0,0
52,"Iqbal Abdulla
Royal Challengers Bangalore",49,48,153.2,1109,40,3/24,27.72,7.23,23,0,0
53,"Shanthakumaran Sreesanth
Rajasthan Royals",44,44,146.4,1194,40,3/29,29.85,8.14,22,0,0
54,"Parvinder Awana
Kings XI Punjab",33,33,124.3,1029,39,4/34,26.38,8.26,19.15,1,0
55,"Moises Henriques
Sunrisers Hyderabad",56,54,147.2,1232,38,3/16,32.42,8.36,23.26,0,0
56,"Varun Aaron
Kings XI Punjab",42,40,140.4,1219,38,3/16,32.07,8.66,22.21,0,0
57,"Doug Bollinger
Chennai Super Kings",27,27,96,693,37,4/13,18.72,7.21,15.56,1,0
58,"Manpreet Gony
Gujarat Lions",44,44,148,1287,37,3/31,34.78,8.69,24,0,0
59,"Shahbaz Nadeem
Delhi Daredevils",54,52,183.4,1307,36,3/16,36.3,7.11,30.61,0,0
60,"Yuvraj Singh
Sunrisers Hyderabad",119,71,142.5,1054,36,4/29,29.27,7.37,23.8,2,0
Pos,Player,Mat,Inns,Overs,Runs,Wkts,BBI,Avg,Econ,SR,4w,5w
61,"Pradeep Sangwan
Gujarat Lions",37,37,127.4,1119,35,3/18,31.97,8.76,21.88,0,0
62,"Mitchell Starc
Royal Challengers Bangalore",27,26,96.4,693,34,4/15,20.38,7.16,17.05,1,0
63,"Kevon Cooper
Rajasthan Royals",25,25,96,757,33,4/26,22.93,7.88,17.45,1,0
64,"Nathan Coulter-Nile
Kolkata Knight Riders",24,23,86.5,684,32,4/20,21.37,7.87,16.28,1,0
65,"Murali Kartik
Kings XI Punjab",56,55,191.3,1388,31,3/17,44.77,7.24,37.06,0,0
66,"Harshal Patel
Royal Challengers Bangalore",35,33,109.5,928,31,2/12,29.93,8.44,21.25,0,0
67,"Andre Russell
Kolkata Knight Riders",34,34,105.1,896,31,4/20,28.9,8.51,20.35,1,0
68,"Thisara Perera
Rising Pune Supergiant",37,36,116.2,1016,31,3/20,32.77,8.73,22.51,0,0
69,"Azhar Mahmood
Kolkata Knight Riders",23,23,89.3,700,29,3/20,24.13,7.82,18.51,0,0
70,"Ajit Agarkar
Delhi Daredevils",42,42,130.2,1151,29,3/25,39.68,8.83,26.96,0,0
Pos,Player,Mat,Inns,Overs,Runs,Wkts,BBI,Avg,Econ,SR,4w,5w
71,"Daniel Vettori
Royal Challengers Bangalore",34,34,129.3,879,28,3/15,31.39,6.78,27.75,0,0
72,"Dirk Nannes
Chennai Super Kings",29,29,107.4,785,28,3/27,28.03,7.29,23.07,0,0
73,"Pravin Tambe
Sunrisers Hyderabad",33,33,110,853,28,4/20,30.46,7.75,23.57,1,0
74,"Amit Singh
Rajasthan Royals",23,23,78.5,620,28,4/19,22.14,7.86,16.89,1,0
75,"MF Maharoof
Delhi Daredevils",20,20,70,520,27,3/34,19.25,7.42,15.55,0,0
76,"Pawan Negi
Royal Challengers Bangalore",40,35,102.1,778,27,4/18,28.81,7.61,22.7,1,0
77,"Angelo Mathews
Delhi Daredevils",49,44,131.5,1079,27,4/19,39.96,8.18,29.29,1,0
78,"Wayne Parnell
Pune Warriors India",26,26,95.2,701,26,3/27,26.96,7.35,22,0,0
79,"Dan Christian
Rising Pune Supergiant",33,33,108.4,859,26,2/13,33.03,7.9,25.07,0,0
80,"Johan Botha
Kolkata Knight Riders",34,34,115.4,800,25,3/6,32,6.91,27.76,0,0
Pos,Player,Mat,Inns,Overs,Runs,Wkts,BBI,Avg,Econ,SR,4w,5w
81,"Suresh Raina
Gujarat Lions",160,68,150.2,1112,25,2/0,44.48,7.39,36.08,0,0
82,"Brett Lee
Kolkata Knight Riders",38,38,145.5,1095,25,3/15,43.8,7.5,35,0,0
83,"Harmeet Singh Bansal
Kings XI Punjab",27,26,84.3,674,25,3/24,26.96,7.97,20.28,0,0
84,"JP Duminy
Delhi Daredevils",77,47,110,798,23,4/17,34.69,7.25,28.69,1,0
85,"Brad Hogg
Kolkata Knight Riders",21,21,76.2,570,23,4/29,24.78,7.46,19.91,1,0
86,"Shaun Tait
Kolkata Knight Riders",21,21,78.5,640,23,3/13,27.82,8.11,20.56,0,0
87,"Sohail Tanvir
Rajasthan Royals",11,11,41.1,266,22,6/14,12.09,6.46,11.22,1,1
88,"Ben Hilfenhaus
Delhi Daredevils",17,17,62,479,22,3/27,21.77,7.72,16.9,0,0
89,"Roelof van der Merwe
Delhi Daredevils",21,21,73.5,498,21,3/20,23.71,6.74,21.09,0,0
90,"Stuart Binny
Royal Challengers Bangalore",80,57,90,681,21,2/14,32.42,7.56,25.71,0,0
Pos,Player,Mat,Inns,Overs,Runs,Wkts,BBI,Avg,Econ,SR,4w,5w
91,"Siddarth Kaul
Sunrisers Hyderabad",19,19,65.3,552,21,4/29,26.28,8.42,18.71,1,0
92,"Yo Mahesh
Chennai Super Kings",18,17,56.3,499,21,4/36,23.76,8.83,16.14,1,0
93,"Mohammed Shami
Delhi Daredevils",38,37,115.1,1038,21,2/20,49.42,9.01,32.9,0,0
94,"Andrew Symonds
Mumbai Indians",39,30,87.5,674,20,3/21,33.7,7.67,26.35,0,0
95,"Mitchell Marsh
Rising Pune Supergiant",20,18,52.3,414,20,4/25,20.7,7.88,15.75,1,0
96,"Tim Southee
Mumbai Indians",28,28,106,875,20,3/24,43.75,8.25,31.8,0,0
97,"Dimitri Mascarenhas
Kings XI Punjab",13,13,51.2,356,19,5/25,18.73,6.93,16.21,0,1
98,"Dwayne Smith
Gujarat Lions",75,32,61,567,19,4/8,29.84,9.29,19.26,1,0
99,"Chaminda Vaas
Deccan Chargers",13,13,47,355,18,3/21,19.72,7.55,15.66,0,0
100,"Ishwar Pandey
Rising Pune Supergiant",25,24,77,591,18,2/23,32.83,7.67,25.66,0,0
Pos,Player,Mat,Inns,Overs,Runs,Wkts,BBI,Avg,Econ,SR,4w,5w
101,"Rishi Dhawan
Kolkata Knight Riders",26,25,81.2,640,18,2/14,35.55,7.86,27.11,0,0
102,"Chris Gayle
Royal Challengers Bangalore",100,37,91.3,724,18,3/21,40.22,7.91,30.5,0,0
103,"Kane Richardson
Royal Challengers Bangalore",14,14,52.5,443,18,3/13,24.61,8.38,17.61,0,0
104,"Mustafizur Rahman
Sunrisers Hyderabad",17,17,63.4,455,17,3/16,26.76,7.14,22.47,0,0
105,"Dilhara Fernando
Mumbai Indians",10,10,39,298,17,4/18,17.52,7.64,13.76,1,0
106,"Brad Hodge
Rajasthan Royals",66,20,39,303,17,4/13,17.82,7.76,13.76,1,0
107,"Bipul Sharma
Sunrisers Hyderabad",32,27,70.4,570,17,2/13,33.52,8.06,24.94,0,0
108,"Kuldeep Yadav
Kolkata Knight Riders",14,13,50,415,17,3/35,24.41,8.3,17.64,0,0
109,"Chris Woakes
Kolkata Knight Riders",13,13,44,386,17,3/6,22.7,8.77,15.52,0,0
110,"Ashish Reddy
Sunrisers Hyderabad",31,19,40.4,364,17,3/25,21.41,8.95,14.35,0,0
Pos,Player,Mat,Inns,Overs,Runs,Wkts,BBI,Avg,Econ,SR,4w,5w
111,"Anureet Singh
Kings XI Punjab",20,19,64.4,581,17,3/23,34.17,8.98,22.82,0,0
112,"Krunal Pandya
Mumbai Indians",21,20,58.1,417,16,3/14,26.06,7.16,21.81,0,0
113,"David Wiese
Royal Challengers Bangalore",15,14,46.2,402,16,4/33,25.12,8.67,17.37,1,0
114,"Adam Zampa
Rising Pune Supergiant",8,8,28,215,15,6/19,14.33,7.67,11.2,0,1
115,"Rohit Sharma
Mumbai Indians",155,30,55.2,440,15,4/6,29.33,7.95,22.13,1,0
116,"Laxmi Ratan Shukla
Sunrisers Hyderabad",48,27,52.2,447,15,3/6,29.8,8.54,20.93,0,0
117,"YA Abdulla
Kings XI Punjab",11,11,34.5,307,15,4/31,20.46,8.81,13.93,2,0
118,"Rashid Khan
Sunrisers Hyderabad",12,12,48,313,14,3/19,22.35,6.52,20.57,0,0
119,"Ravi Rampaul
Royal Challengers Bangalore",12,12,43.4,298,14,3/31,21.28,6.82,18.71,0,0
120,"Alfonso Thomas
Pune Warriors India",15,15,52.3,406,14,3/22,29,7.73,22.5,0,0
Pos,Player,Mat,Inns,Overs,Runs,Wkts,BBI,Avg,Econ,SR,4w,5w
121,"Pat Cummins
Delhi Daredevils",15,14,52.1,447,14,2/20,31.92,8.56,22.35,0,0
122,"Barinder Sran
Sunrisers Hyderabad",16,16,54.3,477,14,3/28,34.07,8.75,23.35,0,0
123,"James Hopes
Pune Warriors India",21,20,60,548,14,2/2,39.14,9.13,25.71,0,0
124,"Shalabh Srivastava
Kings XI Punjab",14,14,47,441,14,2/20,31.5,9.38,20.14,0,0
125,"Charl Langeveldt
Royal Challengers Bangalore",7,7,26,187,13,3/15,14.38,7.19,12,0,0
126,"Ramesh Powar
Kings XI Punjab",27,26,71,527,13,2/11,40.53,7.42,32.76,0,0
127,"Sanath Jayasuriya
Mumbai Indians",30,21,49,390,13,3/14,30,7.95,22.61,0,0
128,"Glenn McGrath
Delhi Daredevils",14,14,54,357,12,4/29,29.75,6.61,27,1,0
129,"Andrew Tye
Gujarat Lions",6,6,21,141,12,5/17,11.75,6.71,10.5,0,1
130,"Ankit Sharma
Rising Pune Supergiant",21,20,60.1,439,12,2/20,36.58,7.29,30.08,0,0
Pos,Player,Mat,Inns,Overs,Runs,Wkts,BBI,Avg,Econ,SR,4w,5w
131,"Ben Stokes
Rising Pune Supergiant",11,11,41,306,12,3/18,25.5,7.46,20.5,0,0
132,"Bhargav Bhatt
Kings XI Punjab",17,15,49.2,397,12,4/22,33.08,8.04,24.66,1,0
133,"Umar Gul
Kolkata Knight Riders",6,6,22.3,184,12,4/23,15.33,8.17,11.25,1,0
134,"Trent Boult
Kolkata Knight Riders",12,12,47.5,431,12,3/19,35.91,9.01,23.91,0,0
135,"VRV Singh
Kings XI Punjab",19,18,60,542,12,3/29,45.16,9.03,30,0,0
136,"Ryan McLaren
Kolkata Knight Riders",18,18,59,542,12,2/28,45.16,9.18,29.5,0,0
137,"Karanveer Singh
Kings XI Punjab",9,9,34,321,12,4/54,26.75,9.44,17,1,0
138,"Joginder Sharma
Chennai Super Kings",16,15,42.4,419,12,2/27,34.91,9.82,21.33,0,0
139,"Ajit Chandila
Rajasthan Royals",12,12,39,242,11,4/13,22,6.2,21.27,1,0
140,"Shaun Pollock
Mumbai Indians",13,13,46,301,11,3/12,27.36,6.54,25.09,0,0
Pos,Player,Mat,Inns,Overs,Runs,Wkts,BBI,Avg,Econ,SR,4w,5w
141,"Samuel Badree
Royal Challengers Bangalore",12,12,43,319,11,4/9,29,7.41,23.45,1,0
142,"Andrew McDonald
Royal Challengers Bangalore",11,10,31,261,11,2/25,23.72,8.41,16.9,0,0
143,"Ravi Bopara
Sunrisers Hyderabad",24,14,34.2,292,11,3/31,26.54,8.5,18.72,0,0
144,"Darren Sammy
Kings XI Punjab",22,19,39.2,350,11,4/22,31.81,8.89,21.45,1,0
145,"Glenn Maxwell
Kings XI Punjab",56,32,52,464,11,2/15,42.18,8.92,28.36,0,0
146,"Chris Jordan
Sunrisers Hyderabad",9,9,28,258,11,4/11,23.45,9.21,15.27,1,0
147,"Pankaj Singh
Rajasthan Royals",20,17,50,468,11,2/18,42.54,9.36,27.27,0,0
148,"Basil Thampi
Gujarat Lions",12,12,44.4,424,11,3/29,38.54,9.49,24.36,0,0
149,"Sourav Ganguly
Pune Warriors India",59,20,46,363,10,2/21,36.3,7.89,27.6,0,0
150,"Veer Pratap Singh
Kolkata Knight Riders",9,9,34,296,10,2/31,29.6,8.7,20.4,0,0
Pos,Player,Mat,Inns,Overs,Runs,Wkts,BBI,Avg,Econ,SR,4w,5w
151,"Jagadeesha Suchith
Mumbai Indians",14,13,41,368,10,2/14,36.8,8.97,24.6,0,0
152,"Marcus Stoinis
Kings XI Punjab",12,12,33.3,304,10,4/15,30.4,9.07,20.1,1,0
153,"Sachithra Senanayake
Kolkata Knight Riders",8,8,32,209,9,2/26,23.22,6.53,21.33,0,0
154,"Ali Murtaza
Pune Warriors India",12,12,44,313,9,3/15,34.77,7.11,29.33,0,0
155,"Shane Bond
Kolkata Knight Riders",8,8,31,224,9,2/24,24.88,7.22,20.66,0,0
156,"Shahid Afridi
Deccan Chargers",10,10,30,225,9,3/28,25,7.5,20,0,0
157,"Marlon Samuels
Delhi Daredevils",14,10,34.4,272,9,3/39,30.22,7.84,23.11,0,0
158,"KP Appanna
Royal Challengers Bangalore",14,13,36,286,9,4/19,31.77,7.94,24,1,0
159,"Juan Theron
Rajasthan Royals",10,10,36,293,9,2/17,32.55,8.13,24,0,0
160,"Kamran Khan
Pune Warriors India",9,9,26.4,224,9,3/18,24.88,8.4,17.77,0,0
Pos,Player,Mat,Inns,Overs,Runs,Wkts,BBI,Avg,Econ,SR,4w,5w
161,"Abhishek Nayar
Rajasthan Royals",60,19,38.1,322,9,3/13,35.77,8.43,25.44,0,0
162,"James Franklin
Mumbai Indians",20,15,25.1,220,9,2/18,24.44,8.74,16.77,0,0
163,"Jacob Oram
Mumbai Indians",18,13,37.3,336,9,3/32,37.33,8.96,25,0,0
164,"Beuran Hendricks
Kings XI Punjab",7,7,25,235,9,3/36,26.11,9.4,16.66,0,0
165,"Ajantha Mendis
Pune Warriors India",10,10,40,285,8,2/19,35.62,7.12,30,0,0
166,"T Thushara
Chennai Super Kings",6,6,22.3,161,8,2/16,20.12,7.15,16.87,0,0
167,"Scott Styris
Chennai Super Kings",12,11,36,276,8,3/32,34.5,7.66,27,0,0
168,"Jesse Ryder
Delhi Daredevils",29,16,39.2,303,8,2/14,37.87,7.7,29.5,0,0
169,"Ankeet Chavan
Rajasthan Royals",13,13,41.2,326,8,2/23,40.75,7.88,31,0,0
170,"Anand Rajan
Sunrisers Hyderabad",8,8,24.5,201,8,3/27,25.12,8.09,18.62,0,0
Pos,Player,Mat,Inns,Overs,Runs,Wkts,BBI,Avg,Econ,SR,4w,5w
171,"Carlos Brathwaite
Delhi Daredevils",10,10,29.1,256,8,3/47,32,8.77,21.87,0,0
172,"Syed Mohammad
Royal Challengers Bangalore",11,11,32,283,8,2/15,35.37,8.84,24,0,0
173,"David Hussey
Chennai Super Kings",64,26,52.5,474,8,2/2,59.25,8.97,39.62,0,0
174,"KC Cariappa
Kings XI Punjab",10,10,34,314,8,2/16,39.25,9.23,25.5,0,0
175,"Mohammad Asif
Delhi Daredevils",8,8,32,296,8,2/19,37,9.25,24,0,0
176,"Hardik Pandya
Mumbai Indians",33,28,53.4,501,8,1/7,62.62,9.33,40.25,0,0
177,"Corey Anderson
Delhi Daredevils",26,17,35.5,361,8,2/18,45.12,10.07,26.87,0,0
178,"Makhaya Ntini
Chennai Super Kings",9,9,35,242,7,4/21,34.57,6.91,30,1,0
179,"Kevin Pietersen
Rising Pune Supergiant",36,13,29,215,7,2/31,30.71,7.41,24.85,0,0
180,"Aavishkar Salvi
Delhi Daredevils",7,7,25,200,7,2/19,28.57,8,21.42,0,0
Pos,Player,Mat,Inns,Overs,Runs,Wkts,BBI,Avg,Econ,SR,4w,5w
181,"Shreyas Gopal
Mumbai Indians",6,6,19.1,154,7,2/25,22,8.03,16.42,0,0
182,"Paul Valthaty
Kings XI Punjab",23,10,25.1,205,7,4/29,29.28,8.14,21.57,1,0
183,"Ben Cutting
Sunrisers Hyderabad",9,9,27.5,234,7,2/20,33.42,8.4,23.85,0,0
184,"Murugan Ashwin
Delhi Daredevils",10,10,28.3,241,7,3/36,34.42,8.45,24.42,0,0
185,"Ankit Rajpoot
Kolkata Knight Riders",9,9,25,212,7,3/37,30.28,8.48,21.42,0,0
186,"Abu Nechim
Royal Challengers Bangalore",10,10,35.2,303,7,2/27,43.28,8.57,30.28,0,0
187,"Abhimanyu Mithun
Sunrisers Hyderabad",16,16,48,472,7,2/37,67.42,9.83,41.14,0,0
188,"P Amarnath
Chennai Super Kings",6,6,22,236,7,2/29,33.71,10.72,18.85,0,0
189,"Rahul Tewatia
Kings XI Punjab",6,6,18,125,6,2/18,20.83,6.94,18,0,0
190,"Vikramjeet Malik
Royal Challengers Bangalore",13,13,34.1,261,6,2/14,43.5,7.63,34.16,0,0
Pos,Player,Mat,Inns,Overs,Runs,Wkts,BBI,Avg,Econ,SR,4w,5w
191,"Suraj Randiv
Chennai Super Kings",8,8,29,223,6,2/24,37.16,7.68,29,0,0
192,"Balachandra Akhil
Kochi Tuskers Kerala",15,13,31.2,242,6,2/17,40.33,7.72,31.33,0,0
193,"Tirumalasetti Suman
Sunrisers Hyderabad",43,11,25,197,6,2/14,32.83,7.88,25,0,0
194,"Deepak Hooda
Sunrisers Hyderabad",40,16,32.1,268,6,2/16,44.66,8.33,32.16,0,0
195,"Sudeep Tyagi
Sunrisers Hyderabad",14,14,34.5,295,6,2/18,49.16,8.46,34.83,0,0
196,"Shivil Kaushik
Gujarat Lions",10,10,34,297,6,3/20,49.5,8.73,34,0,0
197,"Kagiso Rabada
Delhi Daredevils",6,6,21.2,188,6,2/20,31.33,8.81,21.33,0,0
198,"RR Raje
Mumbai Indians",10,10,23.1,209,6,2/16,34.83,9.02,23.16,0,0
199,"Shardul Thakur
Rising Pune Supergiant",10,10,31.1,290,6,3/35,48.33,9.3,31.16,0,0
200,"Venugopal Rao
Sunrisers Hyderabad",65,20,36,337,6,2/23,56.16,9.36,36,0,0
Pos,Player,Mat,Inns,Overs,Runs,Wkts,BBI,Avg,Econ,SR,4w,5w
201,"Mohammed Siraj
Sunrisers Hyderabad",5,5,19,180,6,2/26,30,9.47,19,0,0
202,"Jaskaran Singh
Rising Pune Supergiant",8,7,17,171,6,2/18,28.5,10.05,17,0,0
203,"Virender Sehwag
Kings XI Punjab",104,15,22.4,235,6,2/18,39.16,10.36,22.66,0,0
204,"Paul Collingwood
Rajasthan Royals",8,6,14.5,101,5,2/19,20.2,6.8,17.8,0,0
205,"Nuwan Kulasekara
Chennai Super Kings",6,5,17,120,5,2/10,24,7.05,20.4,0,0
206,"Washington Sundar
Rising Pune Supergiant",8,8,22,156,5,2/18,31.2,7.09,26.4,0,0
207,"Gurkeerat Mann Singh
Kings XI Punjab",30,6,13,97,5,2/15,19.4,7.46,15.6,0,0
208,"Shoaib Akhtar
Kolkata Knight Riders",3,3,7,54,5,4/11,10.8,7.71,8.4,1,0
209,"Shrikant Wagh
Pune Warriors India",8,8,17,137,5,3/16,27.4,8.05,20.4,0,0
210,"Raiphi Gomez
Pune Warriors India",13,9,16,129,5,2/14,25.8,8.06,19.2,0,0
Pos,Player,Mat,Inns,Overs,Runs,Wkts,BBI,Avg,Econ,SR,4w,5w
211,"Tillakaratne Dilshan
Royal Challengers Bangalore",52,25,45.1,366,5,1/7,73.2,8.1,54.2,0,0
212,"Jason Holder
Kolkata Knight Riders",11,11,36,306,5,2/20,61.2,8.5,43.2,0,0
213,"Aniket Choudhary
Royal Challengers Bangalore",5,5,16.5,144,5,2/17,28.8,8.55,20.2,0,0
214,"Tymal Mills
Royal Challengers Bangalore",5,5,17.5,153,5,2/31,30.6,8.57,21.4,0,0
215,"Marchant de Lange
Mumbai Indians",5,5,18,169,5,3/34,33.8,9.38,21.6,0,0
216,"Sarabjit Ladda
Gujarat Lions",9,9,23,224,5,2/44,44.8,9.73,27.6,0,0
217,"Aditya Dole
Rajasthan Royals",3,3,11,112,5,2/36,22.4,10.18,13.2,0,0
218,"Rahul Shukla
Delhi Daredevils",7,7,20,208,5,2/28,41.6,10.4,24,0,0
219,"Sumit Narwal
Kolkata Knight Riders",7,6,17.4,202,5,3/36,40.4,11.43,21.2,0,0
220,"Jayant Yadav
Delhi Daredevils",10,10,30,196,4,1/8,49,6.53,45,0,0
Pos,Player,Mat,Inns,Overs,Runs,Wkts,BBI,Avg,Econ,SR,4w,5w
221,"Domnic Joseph
Delhi Daredevils",6,6,14,101,4,2/18,25.25,7.21,21,0,0
222,"DP Vijaykumar
Deccan Chargers",9,9,25.2,199,4,1/17,49.75,7.85,38,0,0
223,"D du Preez
Royal Challengers Bangalore",2,2,7,56,4,3/32,14,8,10.5,0,0
224,"WA Mota
Kings XI Punjab",12,7,12,97,4,1/6,24.25,8.08,18,0,0
225,"Parveez Rasool
Royal Challengers Bangalore",11,11,33,271,4,1/20,67.75,8.21,49.5,0,0
226,"Shikhar Dhawan
Sunrisers Hyderabad",125,6,8,66,4,1/7,16.5,8.25,12,0,0
227,"Colin de Grandhomme
Kolkata Knight Riders",10,8,14,119,4,3/4,29.75,8.5,21,0,0
228,"Shivam Sharma
Kings XI Punjab",5,5,19,165,4,2/26,41.25,8.68,28.5,0,0
229,"P Parameswaran
Royal Challengers Bangalore",5,5,15.4,137,4,2/20,34.25,8.74,23.5,0,0
230,"SB Bangar
Deccan Chargers",12,9,25,219,4,2/34,54.75,8.76,37.5,0,0
Pos,Player,Mat,Inns,Overs,Runs,Wkts,BBI,Avg,Econ,SR,4w,5w
231,"Virat Kohli
Royal Challengers Bangalore",148,26,41.5,368,4,2/25,92,8.79,62.75,0,0
232,"Adam Milne
Royal Challengers Bangalore",5,5,18,177,4,2/27,44.25,9.83,27,0,0
233,"Yogesh Nagar
Delhi Daredevils",26,8,11,125,4,2/20,31.25,11.36,16.5,0,0
234,"Dominic Thornely
Mumbai Indians",6,4,7,40,3,2/7,13.33,5.71,14,0,0
235,"John Hastings
Kolkata Knight Riders",3,3,9.4,66,3,2/6,22,6.82,19.33,0,0
236,"SM Harwood
Rajasthan Royals",3,3,10,73,3,2/25,24.33,7.3,20,0,0
237,"JM Kemp
Chennai Super Kings",5,5,7.2,54,3,3/12,18,7.36,14.66,0,0
238,"Ashok Menaria
Rajasthan Royals",29,12,18.2,144,3,2/20,48,7.85,36.66,0,0
239,"Doug Bracewell
Delhi Daredevils",1,1,4,32,3,3/32,10.66,8,8,0,0
240,"Pradeep Sahu
Kings XI Punjab",5,5,17.3,146,3,2/18,48.66,8.34,35,0,0
Pos,Player,Mat,Inns,Overs,Runs,Wkts,BBI,Avg,Econ,SR,4w,5w
241,"Robin Peterson
Mumbai Indians",5,4,8,70,3,3/37,23.33,8.75,16,0,0
242,"Tabraiz Shamsi
Royal Challengers Bangalore",4,4,16,147,3,1/21,49,9.18,32,0,0
243,"Rajagopal Sathish
Kolkata Knight Riders",34,14,23.1,232,3,1/11,77.33,10.01,46.33,0,0
244,"Gajendra Singh
Rajasthan Royals",4,4,14,141,3,1/33,47,10.07,28,0,0
245,"Love Ablish
Kings XI Punjab",3,3,7,75,3,2/17,25,10.71,14,0,0
246,"JJ van der Wath
Royal Challengers Bangalore",3,3,12,129,3,2/49,43,10.75,24,0,0
247,"Ryan Ninan
Royal Challengers Bangalore",2,2,6,65,3,2/31,21.66,10.83,12,0,0
248,"Krishmar Santokie
Mumbai Indians",2,2,8,90,3,2/50,30,11.25,16,0,0
249,"Sachin Baby
Royal Challengers Bangalore",17,2,1.4,8,2,0/0,4,4.8,5,0,0
250,"Mohammad Nabi
Sunrisers Hyderabad",2,2,8,41,2,1/13,20.5,5.12,24,0,0
Pos,Player,Mat,Inns,Overs,Runs,Wkts,BBI,Avg,Econ,SR,4w,5w
251,"Michael Clarke
Pune Warriors India",6,5,11,67,2,1/12,33.5,6.09,33,0,0
252,"Lockie Ferguson
Rising Pune Supergiant",2,2,8,51,2,2/7,25.5,6.37,24,0,0
253,"Ankit Soni
Gujarat Lions",6,5,16,113,2,1/16,56.5,7.06,48,0,0
254,"C Nanda
Mumbai Indians",3,3,8,57,2,1/4,28.5,7.12,24,0,0
255,"Ryan ten Doeschate
Kolkata Knight Riders",29,10,13,94,2,1/7,47,7.23,39,0,0
256,"Scott Boland
Rising Pune Supergiant",2,2,7,54,2,2/31,27,7.71,21,0,0
257,"Rahul Chahar
Rising Pune Supergiant",3,2,7,58,2,1/26,29,8.28,21,0,0
258,"Nayan Doshi
Rajasthan Royals",4,4,9.2,79,2,1/15,39.5,8.46,28,0,0
259,"Billy Stanlake
Royal Challengers Bangalore",2,2,8,70,2,2/29,35,8.75,24,0,0
260,"DNT Zoysa
Deccan Chargers",3,3,11,99,2,1/30,49.5,9,33,0,0
Pos,Player,Mat,Inns,Overs,Runs,Wkts,BBI,Avg,Econ,SR,4w,5w
261,"T Natarajan
Kings XI Punjab",6,6,12.4,115,2,1/26,57.5,9.07,38,0,0
262,"Pawan Suyal
Delhi Daredevils",5,5,16,151,2,1/21,75.5,9.43,48,0,0
263,"Andrew Flintoff
Chennai Super Kings",3,3,11,105,2,1/11,52.5,9.54,33,0,0
264,"Siddharth Chitnis
Kings XI Punjab",11,2,6,60,2,2/40,30,10,18,0,0
265,"Shoaib Malik
Delhi Daredevils",7,5,8.3,85,2,1/6,42.5,10,25.5,0,0
266,"MA Khote
Mumbai Indians",4,2,5,51,2,2/29,25.5,10.2,15,0,0
267,"Luke Wright
Pune Warriors India",7,6,11.5,124,2,1/12,62,10.47,35.5,0,0
268,"D Kalyankrishna
Deccan Chargers",3,3,8,87,2,1/30,43.5,10.87,24,0,0
269,"Amit Uniyal
Rajasthan Royals",2,2,6,66,2,2/41,33,11,18,0,0
270,"Kyle Abbott
Chennai Super Kings",5,5,16,177,2,1/38,88.5,11.06,48,0,0
Pos,Player,Mat,Inns,Overs,Runs,Wkts,BBI,Avg,Econ,SR,4w,5w
271,"Adam Gilchrist
Kings XI Punjab",80,1,0.1,0,1,1/0,0,0,1,0,0
272,"Nathu Singh
Gujarat Lions",2,2,4,15,1,1/7,15,3.75,24,0,0
273,"Mohammad Hafeez
Kolkata Knight Riders",8,2,5,24,1,1/8,24,4.8,30,0,0
274,"Ajinkya Rahane
Rising Pune Supergiant",108,1,1,5,1,1/5,5,5,6,0,0
275,"LA Carseldine
Rajasthan Royals",5,1,1,6,1,1/6,6,6,6,0,0
276,"SS Mundhe
Pune Warriors India",1,1,1,6,1,1/6,6,6,6,0,0
277,"Hanuma Vihari
Sunrisers Hyderabad",22,5,6,38,1,1/5,38,6.33,36,0,0
278,"T Henderson
Rajasthan Royals",2,2,6,40,1,1/30,40,6.66,36,0,0
279,"GR Napier
Mumbai Indians",1,1,4,27,1,1/27,27,6.75,24,0,0
280,"Jeevan Mendis
Delhi Daredevils",3,2,5,36,1,1/16,36,7.2,30,0,0
Pos,Player,Mat,Inns,Overs,Runs,Wkts,BBI,Avg,Econ,SR,4w,5w
281,"Mandeep Singh
Royal Challengers Bangalore",70,1,3,23,1,0/0,23,7.66,18,0,0
282,"PM Sarvesh Kumar
Deccan Chargers",2,2,5,42,1,1/18,42,8.4,30,0,0
283,"Harmeet Singh
Rajasthan Royals",1,1,4,34,1,1/34,34,8.5,24,0,0
284,"Clint McKay
Sunrisers Hyderabad",2,2,7,60,1,1/36,60,8.57,42,0,0
285,"SB Joshi
Royal Challengers Bangalore",4,4,9.1,82,1,1/27,82,8.94,55,0,0
286,"Abhishek Jhunjhunwala
Deccan Chargers",21,10,14.1,129,1,1/13,129,9.1,85,0,0
287,"Swapnil Singh
Kings XI Punjab",4,4,9,84,1,1/14,84,9.33,54,0,0
288,"Dwaraka Ravi Teja
Sunrisers Hyderabad",32,2,3,28,1,0/0,28,9.33,18,0,0
289,"Aaron Finch
Gujarat Lions",64,5,7.1,67,1,1/11,67,9.34,43,0,0
290,"Deepak Chahar
Rising Pune Supergiant",5,5,12,115,1,1/35,115,9.58,72,0,0
Pos,Player,Mat,Inns,Overs,Runs,Wkts,BBI,Avg,Econ,SR,4w,5w
291,"Dinesh Salunkhe
Rajasthan Royals",6,5,7.5,78,1,1/21,78,9.95,47,0,0
292,"Ashley Noffke
Royal Challengers Bangalore",1,1,4,40,1,1/40,40,10,24,0,0
293,"Jimmy Neesham
Kolkata Knight Riders",4,4,9,91,1,1/29,91,10.11,54,0,0
294,"Ronit More
Chennai Super Kings",2,2,5.5,59,1,1/31,59,10.11,35,0,0
295,"Ben Laughlin
Sunrisers Hyderabad",2,2,7,71,1,1/25,71,10.14,42,0,0
296,"Gurinder Sandhu
Delhi Daredevils",3,2,8,82,1,1/33,82,10.25,48,0,0
297,"Andre Nel
Mumbai Indians",1,1,3,31,1,1/31,31,10.33,18,0,0
298,"Shubham Agarwal
Gujarat Lions",1,1,4,42,1,1/42,42,10.5,24,0,0
299,"Akshath Reddy
Sunrisers Hyderabad",12,1,3,32,1,0/0,32,10.66,18,0,0
300,"S Vidyut
Chennai Super Kings",9,1,2,22,1,0/0,22,11,12,0,0
Pos,Player,Mat,Inns,Overs,Runs,Wkts,BBI,Avg,Econ,SR,4w,5w
301,"Lendl Simmons
Mumbai Indians",25,1,3,34,1,0/0,34,11.33,18,0,0
302,"Brett Geeves
Delhi Daredevils",2,2,8,91,1,1/50,91,11.37,48,0,0
303,"TP Sudhindra
Deccan Chargers",3,3,11.4,136,1,1/46,136,11.65,70,0,0
304,"Manoj Tiwary
Rising Pune Supergiant",90,5,6,73,1,0/0,73,12.16,36,0,0
305,"Cameron White
Sunrisers Hyderabad",47,6,7,86,1,1/14,86,12.28,42,0,0
306,"Matt Henry
Kings XI Punjab",2,2,5,71,1,1/31,71,14.2,30,0,0
307,"Nitish Rana
Mumbai Indians",17,1,1,3,0,0/0,-,3,-,0,0
308,"Mithun Manhas
Chennai Super Kings",55,3,7,42,0,0/0,-,6,-,0,0
309,"Nathan Rimmington
Kings XI Punjab",1,1,3,19,0,0/19,-,6.33,-,0,0
310,"Sachin Rana
Royal Challengers Bangalore",11,3,2.4,18,0,0/0,-,6.75,-,0,0
Pos,Player,Mat,Inns,Overs,Runs,Wkts,BBI,Avg,Econ,SR,4w,5w
311,"Nathan McCullum
Sunrisers Hyderabad",2,2,5,34,0,0/12,-,6.8,-,0,0
312,"Kane Williamson
Sunrisers Hyderabad",14,1,1,7,0,0/7,-,7,-,0,0
313,"Y Gnaneswara Rao
Kochi Tuskers Kerala",2,1,1,7,0,0/0,-,7,-,0,0
314,"Ambati Rayudu
Mumbai Indians",110,1,3,22,0,0/0,-,7.33,-,0,0
315,"Colin Munro
Kolkata Knight Riders",4,2,2,15,0,0/0,-,7.5,-,0,0
316,"RS Gavaskar
Kolkata Knight Riders",2,1,1,8,0,0/0,-,8,-,0,0
317,"Suryakumar Yadav
Kolkata Knight Riders",53,1,1,8,0,0/0,-,8,-,0,0
318,"Abhishek Raut
Rajasthan Royals",22,6,7,57,0,0/0,-,8.14,-,0,0
319,"Murali Vijay
Kings XI Punjab",100,4,6,49,0,0/0,-,8.16,-,0,0
320,"Adam Voges
Rajasthan Royals",9,7,9,76,0,0/0,-,8.44,-,0,0
Pos,Player,Mat,Inns,Overs,Runs,Wkts,BBI,Avg,Econ,SR,4w,5w
321,"K Goel
Kings XI Punjab",22,6,11,93,0,0/0,-,8.45,-,0,0
322,"Daniel Harris
Deccan Chargers",4,2,3,26,0,0/0,-,8.66,-,0,0
323,"Krishnakant Upadhyay
Pune Warriors India",3,3,9,81,0,0/19,-,9,-,0,0
324,"Tejas Baroka
Gujarat Lions",1,1,3.3,33,0,0/33,-,9.42,-,0,0
325,"Sachin Tendulkar
Mumbai Indians",78,4,6,58,0,0/7,-,9.66,-,0,0
326,"Asad Pathan
Royal Challengers Bangalore",8,3,6.3,63,0,0/0,-,9.69,-,0,0
327,"Faiz Fazal
Rajasthan Royals",12,2,2,20,0,0/0,-,10,-,0,0
328,"Kemar Roach
Deccan Chargers",2,2,8,80,0,0/32,-,10,-,0,0
329,"Travis Head
Royal Challengers Bangalore",9,4,5,51,0,0/11,-,10.2,-,0,0
330,"Abrar Kazi
Royal Challengers Bangalore",1,1,2,21,0,0/21,-,10.5,-,0,0
Pos,Player,Mat,Inns,Overs,Runs,Wkts,BBI,Avg,Econ,SR,4w,5w
331,"RA Shaikh
Mumbai Indians",1,1,1,11,0,0/11,-,11,-,0,0
332,"Sean Abbott
Royal Challengers Bangalore",2,2,5,57,0,0/21,-,11.4,-,0,0
333,"VS Yeligati
Mumbai Indians",2,2,5,59,0,0/16,-,11.8,-,0,0
334,"Ben Rohrer
Delhi Daredevils",8,1,1,12,0,0/0,-,12,-,0,0
335,"Rahul Tripathi
Rising Pune Supergiant",11,1,1,12,0,0/12,-,12,-,0,0
336,"Ross Taylor
Pune Warriors India",55,2,2,24,0,0/0,-,12,-,0,0
337,"RR Bose
Kings XI Punjab",1,1,2,24,0,0/24,-,12,-,0,0
338,"C Ganapathy
Chennai Super Kings",1,1,1,13,0,0/13,-,13,-,0,0
339,"Abdur Razzak
Royal Challengers Bangalore",1,1,2,29,0,0/29,-,14.5,-,0,0
340,"Mashrafe Mortaza
Kolkata Knight Riders",1,1,4,58,0,0/58,-,14.5,-,0,0
Pos,Player,Mat,Inns,Overs,Runs,Wkts,BBI,Avg,Econ,SR,4w,5w
341,"Steve Smith
Rising Pune Supergiant",66,1,0.2,5,0,0/0,-,15,-,0,0
342,"Michael Neser
Kings XI Punjab",1,1,4,62,0,0/62,-,15.5,-,0,0
343,"Sunny Gupta
Delhi Daredevils",1,1,3,47,0,0/47,-,15.66,-,0,0
344,"Faf du Plessis
Rising Pune Supergiant",53,1,1,16,0,0/0,-,16,-,0,0
345,"S Sriram
Delhi Daredevils",2,2,3,49,0,0/24,-,16.33,-,0,0
346,"Chamara Kapugedera
Chennai Super Kings",5,3,2.5,49,0,0/0,-,17.29,-,0,0
347,"Raju Bhatkal
Royal Challengers Bangalore",1,1,2,35,0,0/35,-,17.5,-,0,0
348,"P Prasanth
Kochi Tuskers Kerala",1,1,1,18,0,0/18,-,18,-,0,0
349,"Vijay Shankar
Sunrisers Hyderabad",3,1,1,19,0,0/19,-,19,-,0,0
350,"Bharat Chipli
Delhi Daredevils",23,1,1,20,0,0/0,-,20,-,0,0
Pos,Player,Mat,Inns,Overs,Runs,Wkts,BBI,Avg,Econ,SR,4w,5w
351,"LPC Silva
Deccan Chargers",3,1,1,21,0,0/0,-,21,-,0,0
352,"I Malhotra
Deccan Chargers",1,1,1,23,0,0/23,-,23,-,0,0