Pos,Player,Mat,Inns,NO,Runs,HS,Avg,BF,SR,100,50,4s,6s
2,"Virat Kohli
Royal Challengers Bangalore",148,140,23,4360,113,37.26,3358,129.83,4,29,379,157
3,"Rohit Sharma
Mumbai Indians",155,150,25,4129,109*,33.03,3145,131.28,1,32,345,170
4,"Gautam Gambhir
Kolkata Knight Riders",145,144,16,4067,93,31.77,3266,124.52,0,35,476,55
5,"David Warner
Sunrisers Hyderabad",112,112,14,3908,126,39.87,2737,142.78,3,35,390,158
6,"Robin Uthappa
Kolkata Knight Riders",146,140,15,3774,87,30.19,2861,131.91,0,22,377,125
7,"Chris Gayle
Royal Challengers Bangalore",100,99,12,3578,175*,41.12,2360,151.61,5,21,291,262
8,"Shikhar Dhawan
Sunrisers Hyderabad",125,124,17,3532,95*,33,2898,121.87,0,28,396,71
9,"MS Dhoni
Rising Pune Supergiant",156,140,48,3506,70*,38.1,2560,136.95,0,17,250,151
10,"AB de Villiers
Royal Challengers Bangalore",129,118,27,3473,133*,38.16,2344,148.16,3,22,287,156
Pos,Player,Mat,Inns,NO,Runs,HS,Avg,BF,SR,100,50,4s,6s
11,"Ajinkya Rahane
Rising Pune Supergiant",108,102,13,2923,103*,32.84,2420,120.78,1,24,309,58
12,"Dinesh Karthik
Gujarat Lions",151,133,17,2903,86,25.02,2304,125.99,0,14,286,71
13,"Yusuf Pathan
Kolkata Knight Riders",147,131,35,2884,100,30.04,1988,145.07,1,13,239,143
14,"Brendon McCullum
Gujarat Lions",103,104,6,2754,158*,28.1,2101,131.08,2,13,277,124
15,"Virender Sehwag
Kings XI Punjab",104,104,5,2728,122,27.55,1755,155.44,2,16,334,106
16,"Shane Watson
Royal Challengers Bangalore",101,97,13,2618,104*,31.16,1887,138.73,2,14,257,122
17,"Yuvraj Singh
Sunrisers Hyderabad",119,115,15,2578,83,25.78,1963,131.32,0,12,202,141
18,"Murali Vijay
Kings XI Punjab",100,100,5,2511,127,26.43,2035,123.39,2,13,237,89
19,"Shaun Marsh
Kings XI Punjab",70,68,7,2467,115,40.44,1853,133.13,1,20,264,78
20,"Jacques Kallis
Kolkata Knight Riders",98,96,11,2427,89*,28.55,2222,109.22,0,17,255,44
Pos,Player,Mat,Inns,NO,Runs,HS,Avg,BF,SR,100,50,4s,6s
21,"Ambati Rayudu
Mumbai Indians",110,103,18,2335,81*,27.47,1849,126.28,0,13,198,76
22,"Sachin Tendulkar
Mumbai Indians",78,78,11,2334,100*,34.83,1948,119.81,1,13,295,29
23,"Kieron Pollard
Mumbai Indians",119,109,31,2307,78,29.57,1568,147.13,0,12,155,145
24,"Parthiv Patel
Mumbai Indians",116,114,10,2252,81,21.65,1926,116.92,0,9,291,32
25,"Manish Pandey
Kolkata Knight Riders",102,95,18,2182,114*,28.33,1811,120.48,1,9,195,64
26,"Rahul Dravid
Rajasthan Royals",89,82,5,2174,75*,28.23,1882,115.51,0,11,269,28
27,"Adam Gilchrist
Kings XI Punjab",80,80,4,2069,109*,27.22,1495,138.39,2,11,239,92
28,"Dwayne Smith
Gujarat Lions",75,74,4,2049,87*,29.27,1534,133.57,0,16,220,98
29,"JP Duminy
Delhi Daredevils",77,73,23,1993,78*,39.86,1596,124.87,0,14,123,78
30,"Michael Hussey
Mumbai Indians",59,58,7,1977,116*,38.76,1612,122.64,1,15,198,52
Pos,Player,Mat,Inns,NO,Runs,HS,Avg,BF,SR,100,50,4s,6s
31,"Mahela Jayawardene
Delhi Daredevils",80,78,15,1802,110*,28.6,1462,123.25,1,10,200,39
32,"Ravindra Jadeja
Gujarat Lions",137,108,36,1712,48,23.77,1396,122.63,0,0,123,57
33,"Kumar Sangakkara
Sunrisers Hyderabad",71,68,3,1687,94,25.95,1392,121.19,0,10,195,27
34,"Steve Smith
Rising Pune Supergiant",66,59,16,1636,101,38.04,1222,133.87,1,4,148,43
35,"Aaron Finch
Gujarat Lions",64,64,7,1602,88*,28.1,1230,130.24,0,13,170,59
36,"David Miller
Kings XI Punjab",66,64,20,1563,101*,35.52,1105,141.44,1,8,104,78
37,"Manoj Tiwary
Rising Pune Supergiant",90,79,26,1549,75*,29.22,1320,117.34,0,5,145,35
38,"Wriddhiman Saha
Kings XI Punjab",103,79,19,1544,115*,25.73,1174,131.51,1,6,130,56
39,"Naman Ojha
Sunrisers Hyderabad",110,92,19,1537,94*,21.05,1293,118.87,0,6,121,78
40,"Subramaniam Badrinath
Royal Challengers Bangalore",95,67,20,1441,71*,30.65,1212,118.89,0,11,154,28
Pos,Player,Mat,Inns,NO,Runs,HS,Avg,BF,SR,100,50,4s,6s
41,"Sanju Samson
Delhi Daredevils",65,61,6,1426,102,25.92,1144,124.65,1,7,112,57
42,"Brad Hodge
Rajasthan Royals",66,63,21,1400,73,33.33,1118,125.22,0,6,122,43
43,"Sourav Ganguly
Pune Warriors India",59,56,3,1348,91,25.43,1262,106.81,0,7,137,42
44,"David Hussey
Chennai Super Kings",64,61,12,1322,71,26.97,1075,122.97,0,5,90,60
45,"Faf du Plessis
Rising Pune Supergiant",53,46,3,1295,73,30.11,1012,127.96,0,8,110,38
46,"Dwayne Bravo
Gujarat Lions",106,83,28,1262,70*,22.94,999,126.32,0,4,102,48
47,"Glenn Maxwell
Kings XI Punjab",56,55,7,1228,95,25.58,744,165.05,0,6,95,82
48,"Saurabh Tiwary
Rising Pune Supergiant",80,63,19,1224,61,27.81,1024,119.53,0,6,84,45
49,"Tillakaratne Dilshan
Royal Challengers Bangalore",52,50,7,1153,76*,26.81,1007,114.49,0,9,140,24
50,"Irfan Pathan
Gujarat Lions",103,82,29,1139,60,21.49,946,120.4,0,1,87,37
Pos,Player,Mat,Inns,NO,Runs,HS,Avg,BF,SR,100,50,4s,6s
51,"Karun Nair
Delhi Daredevils",54,49,4,1132,83*,25.15,890,127.19,0,8,130,26
52,"Mandeep Singh
Royal Challengers Bangalore",70,59,4,1112,77*,20.21,920,120.86,0,5,134,18
53,"Matthew Hayden
Chennai Super Kings",32,32,2,1107,93,36.9,805,137.51,0,8,121,44
54,"Lendl Simmons
Mumbai Indians",25,25,2,1068,100*,46.43,820,130.24,1,11,109,44
55,"Ross Taylor
Pune Warriors India",55,54,14,1017,81*,25.42,822,123.72,0,3,66,46
56,"Kevin Pietersen
Rising Pune Supergiant",36,36,9,1001,103*,37.07,743,134.72,1,4,91,40
57,"Venugopal Rao
Sunrisers Hyderabad",65,54,10,985,71*,22.38,836,117.82,0,3,77,37
58,"Andrew Symonds
Mumbai Indians",39,36,9,974,117*,36.07,750,129.86,1,5,74,41
59,"Albie Morkel
Rising Pune Supergiant",91,68,28,974,73*,24.35,686,141.98,0,3,61,55
60,"Moises Henriques
Sunrisers Hyderabad",56,49,16,965,74*,29.24,754,127.98,0,5,86,27
Pos,Player,Mat,Inns,NO,Runs,HS,Avg,BF,SR,100,50,4s,6s
61,"Manan Vohra
Kings XI Punjab",45,41,2,957,95,24.53,721,132.73,0,3,95,35
62,"Cameron White
Sunrisers Hyderabad",47,45,9,954,78,26.5,755,126.35,0,6,76,36
63,"Herschelle Gibbs
Mumbai Indians",36,36,4,886,69*,27.68,807,109.78,0,6,83,31
64,"Kedar Jadhav
Kochi Tuskers Kerala",63,56,19,881,69,23.81,653,134.91,0,3,72,32
65,"Eoin Morgan
Kings XI Punjab",51,44,5,850,66,21.79,701,121.25,0,4,71,34
66,"Mayank Agarwal
Rising Pune Supergiant",53,48,2,814,68,17.69,660,123.33,0,3,82,33
67,"Harbhajan Singh
Mumbai Indians",136,84,35,799,64,16.3,561,142.42,0,1,76,41
68,"Manvinder Bisla
Royal Challengers Bangalore",39,39,1,798,92,21,702,113.67,0,4,93,23
69,"Shreyas Iyer
Delhi Daredevils",31,31,3,775,96,27.67,598,129.59,0,6,77,31
70,"Sanath Jayasuriya
Mumbai Indians",30,30,2,768,114*,27.42,532,144.36,1,4,84,39
Pos,Player,Mat,Inns,NO,Runs,HS,Avg,BF,SR,100,50,4s,6s
71,"Stuart Binny
Royal Challengers Bangalore",80,58,21,766,48*,20.7,604,126.82,0,0,59,29
72,"Graeme Smith
Pune Warriors India",29,29,3,739,91,28.42,668,110.62,0,4,94,9
73,"Quinton de Kock
Delhi Daredevils",26,26,1,726,108,29.04,549,132.24,1,5,90,21
74,"Lokesh Rahul
Sunrisers Hyderabad",39,30,6,725,68*,30.2,577,125.64,0,4,61,24
75,"Angelo Mathews
Delhi Daredevils",49,42,11,724,65*,23.35,575,125.91,0,1,44,29
76,"Tirumalasetti Suman
Sunrisers Hyderabad",43,40,8,676,78*,21.12,575,117.56,0,2,55,26
77,"Abhishek Nayar
Rajasthan Royals",60,50,12,672,45*,17.68,577,116.46,0,0,55,20
78,"George Bailey
Rising Pune Supergiant",40,37,10,663,61*,24.55,544,121.87,0,2,59,19
79,"Jesse Ryder
Delhi Daredevils",29,29,1,604,86,21.57,458,131.87,0,4,69,19
80,"Axar Patel
Kings XI Punjab",58,42,13,584,44,20.13,453,128.91,0,0,33,27
Pos,Player,Mat,Inns,NO,Runs,HS,Avg,BF,SR,100,50,4s,6s
81,"Suryakumar Yadav
Kolkata Knight Riders",53,41,14,581,60,21.51,440,132.04,0,1,53,20
82,"Hashim Amla
Kings XI Punjab",16,16,3,577,104*,44.38,407,141.76,2,3,60,21
83,"Andre Russell
Kolkata Knight Riders",34,25,3,574,66,26.09,331,173.41,0,3,48,37
84,"Ravi Bopara
Sunrisers Hyderabad",24,22,4,531,84,29.5,453,117.21,0,3,39,16
85,"Jos Buttler
Mumbai Indians",24,24,3,527,77,25.09,361,145.98,0,1,50,26
86,"James Faulkner
Gujarat Lions",59,44,20,519,46,21.62,379,136.93,0,0,35,23
87,"Rishabh Pant
Delhi Daredevils",23,23,2,519,97,24.71,339,153.09,0,3,44,28
88,"Corey Anderson
Delhi Daredevils",26,25,7,518,95*,28.77,392,132.14,0,3,40,30
89,"Mithun Manhas
Chennai Super Kings",55,38,15,514,42*,22.34,470,109.36,0,0,43,10
90,"Piyush Chawla
Kolkata Knight Riders",127,68,27,513,24*,12.51,447,114.76,0,0,49,15
Pos,Player,Mat,Inns,NO,Runs,HS,Avg,BF,SR,100,50,4s,6s
91,"Owais Shah
Rajasthan Royals",23,22,7,506,76,33.73,389,130.07,0,4,34,23
92,"Paul Valthaty
Kings XI Punjab",23,23,1,505,120*,22.95,418,120.81,1,2,61,20
93,"Shakib Al Hasan
Kolkata Knight Riders",43,32,9,498,66*,21.65,382,130.36,0,2,44,15
94,"Chris Morris
Delhi Daredevils",48,29,17,439,82*,36.58,265,165.66,0,2,33,23
95,"Nitish Rana
Mumbai Indians",17,15,1,437,70,31.21,339,128.9,0,4,31,25
96,"SA Asnodkar
Rajasthan Royals",20,20,0,423,60,21.15,339,124.77,0,2,56,10
97,"Thisara Perera
Rising Pune Supergiant",37,30,8,422,40,19.18,307,137.45,0,0,23,26
98,"James Hopes
Pune Warriors India",21,19,3,417,71,26.06,306,136.27,0,4,49,11
99,"Dan Christian
Rising Pune Supergiant",33,29,7,413,39,18.77,336,122.91,0,0,22,18
100,"Johan Botha
Kolkata Knight Riders",34,28,8,409,67*,20.45,359,113.92,0,1,39,5
Pos,Player,Mat,Inns,NO,Runs,HS,Avg,BF,SR,100,50,4s,6s
101,"Laxmi Ratan Shukla
Sunrisers Hyderabad",47,34,7,405,48*,15,350,115.71,0,0,33,16
102,"Ashok Menaria
Rajasthan Royals",29,23,2,401,40,19.09,356,112.64,0,0,24,18
103,"Mark Boucher
Kolkata Knight Riders",31,24,10,394,50*,28.14,309,127.5,0,1,32,13
104,"Cheteshwar Pujara
Kings XI Punjab",30,22,3,390,51,20.52,391,99.74,0,1,50,4
105,"Azhar Mahmood
Kolkata Knight Riders",23,21,2,388,80,20.42,303,128.05,0,2,39,13
106,"Kane Williamson
Sunrisers Hyderabad",14,14,2,387,89,32.25,292,132.53,0,3,33,10
107,"Hardik Pandya
Mumbai Indians",33,30,13,381,61*,22.41,264,144.31,0,1,23,26
108,"Dwaraka Ravi Teja
Sunrisers Hyderabad",32,25,6,375,60,19.73,317,118.29,0,1,35,9
109,"Krunal Pandya
Mumbai Indians",21,16,5,373,86,33.9,223,167.26,0,1,33,18
110,"Deepak Hooda
Sunrisers Hyderabad",40,30,4,373,54,14.34,268,139.17,0,1,20,20
Pos,Player,Mat,Inns,NO,Runs,HS,Avg,BF,SR,100,50,4s,6s
111,"Sunny Sohal
Royal Challengers Bangalore",22,20,0,368,62,18.4,292,126.02,0,2,34,18
112,"Rahul Tripathi
Rising Pune Supergiant",11,11,0,360,93,32.72,237,151.89,0,2,39,16
113,"Chris Lynn
Kolkata Knight Riders",9,9,2,348,93*,49.71,219,158.9,0,3,28,20
114,"Praveen Kumar
Gujarat Lions",118,58,21,343,34,9.27,313,109.58,0,0,23,17
115,"Gurkeerat Mann Singh
Kings XI Punjab",30,24,3,342,51,16.28,272,125.73,0,1,36,9
116,"Rajat Bhatia
Rising Pune Supergiant",95,49,19,342,26*,11.4,284,120.42,0,0,24,13
117,"Pawan Negi
Royal Challengers Bangalore",40,28,8,340,36,17,267,127.34,0,0,23,16
118,"Aditya Tare
Delhi Daredevils",35,28,4,339,59,14.12,273,124.17,0,1,40,11
119,"Amit Mishra
Sunrisers Hyderabad",125,50,22,333,31,11.89,359,92.75,0,0,27,4
120,"James Franklin
Mumbai Indians",20,16,5,327,79,29.72,301,108.63,0,1,25,8
Pos,Player,Mat,Inns,NO,Runs,HS,Avg,BF,SR,100,50,4s,6s
121,"Ryan ten Doeschate
Kolkata Knight Riders",29,22,8,326,70*,23.28,235,138.72,0,1,26,15
122,"Karn Sharma
Mumbai Indians",51,31,13,311,39*,17.27,259,120.07,0,0,18,14
123,"Debabrata Das
Kolkata Knight Riders",31,22,8,304,35*,21.71,261,116.47,0,0,23,16
124,"Vinay Kumar
Mumbai Indians",102,45,17,304,26*,10.85,271,112.17,0,0,20,9
125,"Luke Pomersbach
Royal Challengers Bangalore",17,16,5,302,79*,27.45,246,122.76,0,1,25,13
126,"Unmukt Chand
Mumbai Indians",21,20,0,300,58,15,300,100,0,1,32,9
127,"Darren Sammy
Kings XI Punjab",22,20,5,295,60,19.66,241,122.4,0,1,15,18
128,"Yogesh Nagar
Delhi Daredevils",26,20,6,284,43*,20.28,259,109.65,0,0,20,9
129,"Ben Stokes
Rising Pune Supergiant",11,10,1,283,103*,31.44,196,144.38,1,1,19,13
130,"VVS Laxman
Kochi Tuskers Kerala",20,20,2,282,52,15.66,267,105.61,0,1,33,5
Pos,Player,Mat,Inns,NO,Runs,HS,Avg,BF,SR,100,50,4s,6s
131,"Bharat Chipli
Delhi Daredevils",23,21,6,280,61*,18.66,251,111.55,0,1,28,7
132,"Hanuma Vihari
Sunrisers Hyderabad",22,21,3,280,46,15.55,313,89.45,0,0,23,1
133,"Ashish Reddy
Sunrisers Hyderabad",31,24,9,280,36*,18.66,193,145.07,0,0,16,15
134,"Michael Lumb
Deccan Chargers",12,12,0,278,83,23.16,194,143.29,0,1,45,6
135,"Rajagopal Sathish
Kolkata Knight Riders",34,25,8,270,27*,15.88,231,116.88,0,0,22,6
136,"Sunil Narine
Kolkata Knight Riders",79,30,12,261,54,14.5,170,153.52,0,1,36,11
137,"Mohammad Kaif
Royal Challengers Bangalore",29,22,4,259,34*,14.38,250,103.6,0,0,22,6
138,"Ishan Kishan
Gujarat Lions",15,14,0,258,48,18.42,207,124.63,0,0,29,9
139,"Shreevats Goswami
Rajasthan Royals",23,16,1,241,52,16.06,251,96.01,0,1,26,2
140,"Simon Katich
Kings XI Punjab",11,11,1,241,75,24.1,186,129.56,0,2,26,8
Pos,Player,Mat,Inns,NO,Runs,HS,Avg,BF,SR,100,50,4s,6s
141,"Mohnish Mishra
Pune Warriors India",18,17,1,237,41,14.81,208,113.94,0,0,24,8
142,"Ravichandran Ashwin
Rising Pune Supergiant",111,37,15,231,29,10.5,240,96.25,0,0,22,2
143,"Sam Billings
Delhi Daredevils",11,10,0,226,55,22.6,168,134.52,0,2,23,5
144,"Mitchell Marsh
Rising Pune Supergiant",20,14,2,225,38,18.75,196,114.79,0,0,9,14
145,"K Goel
Kings XI Punjab",22,17,2,218,38,14.53,231,94.37,0,0,17,9
146,"Abhishek Jhunjhunwala
Deccan Chargers",21,16,3,217,53*,16.69,210,103.33,0,1,19,5
147,"Travis Head
Royal Challengers Bangalore",9,9,3,203,75*,33.83,146,139.04,0,1,12,8
148,"Paul Collingwood
Rajasthan Royals",8,7,2,203,75*,40.6,156,130.12,0,3,9,13
149,"Shane Warne
Rajasthan Royals",55,29,9,198,34*,9.9,214,92.52,0,0,14,6
150,"Stephen Fleming
Chennai Super Kings",10,10,1,196,45,21.77,164,119.51,0,0,27,3
Pos,Player,Mat,Inns,NO,Runs,HS,Avg,BF,SR,100,50,4s,6s
151,"Abhishek Raut
Rajasthan Royals",22,16,7,194,36*,21.55,167,116.16,0,0,13,7
152,"Ben Rohrer
Delhi Daredevils",8,8,2,193,64*,32.16,140,137.85,0,1,21,5
153,"Salman Butt
Kolkata Knight Riders",7,7,0,193,73,27.57,161,119.87,0,1,30,2
154,"Martin Guptill
Kings XI Punjab",9,9,1,189,50*,23.62,142,133.09,0,1,20,8
155,"Bipul Sharma
Sunrisers Hyderabad",32,16,8,185,35*,23.12,120,154.16,0,0,11,9
156,"Faiz Fazal
Rajasthan Royals",12,11,1,183,45,18.3,173,105.78,0,0,22,1
157,"Adam Voges
Rajasthan Royals",9,7,3,181,45*,45.25,143,126.57,0,0,15,3
158,"Ajit Agarkar
Delhi Daredevils",42,22,12,179,39,17.9,154,116.23,0,0,13,5
159,"MF Maharoof
Delhi Daredevils",20,14,4,177,39,17.7,123,143.9,0,0,12,9
160,"Sarfaraz Khan
Royal Challengers Bangalore",18,12,6,177,45*,29.5,102,173.52,0,0,19,6
Pos,Player,Mat,Inns,NO,Runs,HS,Avg,BF,SR,100,50,4s,6s
161,"Dishant Yagnik
Rajasthan Royals",25,17,7,170,34,17,137,124.08,0,0,23,2
162,"CM Gautam
Mumbai Indians",13,13,3,169,33,16.9,150,112.66,0,0,17,6
163,"Dale Steyn
Gujarat Lions",90,35,13,166,19*,7.54,158,105.06,0,0,14,3
164,"Akshath Reddy
Sunrisers Hyderabad",12,10,0,164,42,16.4,160,102.5,0,0,15,2
165,"Marcus Stoinis
Kings XI Punjab",12,8,1,163,52,23.28,132,123.48,0,1,14,4
166,"Marlon Samuels
Delhi Daredevils",14,13,1,161,46,13.41,171,94.15,0,0,9,7
167,"Ryan McLaren
Kolkata Knight Riders",18,13,5,159,51*,19.87,171,92.98,0,1,14,1
168,"Roelof van der Merwe
Delhi Daredevils",21,15,4,159,35,14.45,141,112.76,0,0,11,8
169,"Bhuvneshwar Kumar
Sunrisers Hyderabad",88,34,15,158,24*,8.31,157,100.63,0,0,15,3
170,"Rishi Dhawan
Kolkata Knight Riders",26,17,10,153,25*,21.85,135,113.33,0,0,13,4
Pos,Player,Mat,Inns,NO,Runs,HS,Avg,BF,SR,100,50,4s,6s
171,"Shaun Pollock
Mumbai Indians",13,8,0,147,33,18.37,111,132.43,0,0,12,8
172,"S Vidyut
Chennai Super Kings",9,8,0,145,54,18.12,109,133.02,0,1,21,3
173,"Nitin Saini
Kings XI Punjab",10,10,0,140,50,14,141,99.29,0,1,16,0
174,"Mitchell Johnson
Kings XI Punjab",45,27,14,138,16*,10.61,139,99.28,0,0,8,6
175,"Srikkanth Anirudha
Sunrisers Hyderabad",20,13,5,136,64,17,113,120.35,0,1,9,7
176,"Scott Styris
Chennai Super Kings",12,10,3,131,36*,18.71,133,98.49,0,0,10,3
177,"W Jaffer
Royal Challengers Bangalore",8,8,0,130,50,16.25,121,107.43,0,1,14,3
178,"Kamran Akmal
Rajasthan Royals",6,6,1,128,53*,25.6,78,164.1,0,1,13,8
179,"Paras Dogra
Gujarat Lions",13,12,1,127,41,11.54,138,92.02,0,0,4,5
180,"Usman Khawaja
Rising Pune Supergiant",6,6,0,127,30,21.16,100,127,0,0,14,3
Pos,Player,Mat,Inns,NO,Runs,HS,Avg,BF,SR,100,50,4s,6s
181,"David Wiese
Royal Challengers Bangalore",15,8,4,127,47*,31.75,90,141.11,0,0,12,4
182,"Morne Morkel
Kolkata Knight Riders",70,23,12,126,23*,11.45,90,140,0,0,11,5
183,"Biplap Samantray
Sunrisers Hyderabad",9,8,3,125,55,25,113,110.61,0,1,13,2
184,"Manpreet Juneja
Sunrisers Hyderabad",7,7,0,125,49,17.85,128,97.65,0,0,11,1
185,"Sachin Baby
Royal Challengers Bangalore",17,9,1,125,33,15.62,93,134.4,0,0,9,5
186,"Ben Cutting
Sunrisers Hyderabad",9,8,3,124,39*,24.8,66,187.87,0,0,9,10
187,"Brett Lee
Kolkata Knight Riders",38,19,9,124,25,12.4,97,127.83,0,0,8,8
188,"Andrew McDonald
Royal Challengers Bangalore",11,9,4,123,33*,24.6,100,123,0,0,9,4
189,"NK Patel
Rajasthan Royals",9,6,2,121,57,30.25,119,101.68,0,1,14,1
190,"Daniel Vettori
Royal Challengers Bangalore",34,17,9,121,29,15.12,113,107.07,0,0,11,2
Pos,Player,Mat,Inns,NO,Runs,HS,Avg,BF,SR,100,50,4s,6s
191,"Aiden Blizzard
Mumbai Indians",7,7,0,120,51,17.14,90,133.33,0,1,21,2
192,"Misbah-ul-Haq
Royal Challengers Bangalore",8,8,1,117,47*,16.71,81,144.44,0,0,10,6
193,"Ryan Harris
Kings XI Punjab",37,21,9,117,17,9.75,112,104.46,0,0,6,3
194,"Kevon Cooper
Rajasthan Royals",25,14,5,116,32,12.88,68,170.58,0,0,9,8
195,"Zaheer Khan
Delhi Daredevils",99,31,17,116,23*,8.28,140,82.85,0,0,11,2
196,"Murali Kartik
Kings XI Punjab",56,16,9,113,21,16.14,108,104.62,0,0,7,1
197,"Daniel Harris
Deccan Chargers",4,4,0,111,47,27.75,101,109.9,0,0,11,5
198,"Mohit Sharma
Kings XI Punjab",74,21,8,106,21*,8.15,90,117.77,0,0,7,4
199,"Luke Wright
Pune Warriors India",7,6,1,106,44,21.2,60,176.66,0,0,16,3
200,"Jacob Oram
Mumbai Indians",18,12,4,106,41*,13.25,108,98.14,0,0,6,5
Pos,Player,Mat,Inns,NO,Runs,HS,Avg,BF,SR,100,50,4s,6s
201,"Yogesh Takawale
Royal Challengers Bangalore",5,5,0,104,45,20.8,91,114.28,0,0,17,1
202,"Rob Quiney
Rajasthan Royals",7,7,0,103,51,14.71,102,100.98,0,1,12,3
203,"Michael Clarke
Pune Warriors India",6,6,0,100,41,16.66,95,105.26,0,0,12,0
204,"Siddharth Chitnis
Kings XI Punjab",11,8,1,99,38,14.14,89,111.23,0,0,10,2
205,"Manpreet Gony
Gujarat Lions",44,17,7,99,42,9.9,71,139.43,0,0,6,8
206,"Callum Ferguson
Pune Warriors India",9,8,2,98,23,16.33,117,83.76,0,0,9,0
207,"Colin de Grandhomme
Kolkata Knight Riders",10,7,1,97,36,16.16,75,129.33,0,0,6,5
208,"Mitchell Starc
Royal Challengers Bangalore",27,12,5,96,29,13.71,98,97.95,0,0,10,0
209,"Carlos Brathwaite
Delhi Daredevils",10,8,0,95,34,11.87,53,179.24,0,0,8,8
210,"Davy Jacobs
Mumbai Indians",7,7,0,92,32,13.14,98,93.87,0,0,10,4
Pos,Player,Mat,Inns,NO,Runs,HS,Avg,BF,SR,100,50,4s,6s
211,"Pinal Shah
Rajasthan Royals",16,10,2,92,29,11.5,91,101.09,0,0,9,2
212,"Ricky Ponting
Mumbai Indians",10,9,0,91,28,10.11,128,71.09,0,0,5,2
213,"Sachin Rana
Royal Challengers Bangalore",11,8,4,91,19*,22.75,81,112.34,0,0,9,1
214,"Umesh Yadav
Kolkata Knight Riders",91,23,16,88,24*,12.57,83,106.02,0,0,8,3
215,"Iqbal Abdulla
Royal Challengers Bangalore",49,13,11,88,33*,44,84,104.76,0,0,9,1
216,"Ankit Sharma
Rising Pune Supergiant",21,10,3,87,30,12.42,67,129.85,0,0,7,4
217,"Anustup Majumdar
Pune Warriors India",4,4,0,87,31,21.75,76,114.47,0,0,7,2
218,"Dhawal Kulkarni
Gujarat Lions",72,19,11,86,28*,10.75,95,90.52,0,0,5,2
219,"Richard Levi
Mumbai Indians",6,6,0,83,50,13.83,73,113.69,0,1,10,4
220,"LA Carseldine
Rajasthan Royals",5,5,1,81,39,20.25,68,119.11,0,0,11,0
Pos,Player,Mat,Inns,NO,Runs,HS,Avg,BF,SR,100,50,4s,6s
221,"Lasith Malinga
Mumbai Indians",107,24,8,81,17,5.06,97,83.5,0,0,6,4
222,"Chaminda Vaas
Deccan Chargers",13,11,3,81,20,10.12,73,110.95,0,0,2,3
223,"Shahid Afridi
Deccan Chargers",10,9,1,81,33,10.12,46,176.08,0,0,7,6
224,"Dimitri Mascarenhas
Kings XI Punjab",13,11,2,79,27,8.77,78,101.28,0,0,5,1
225,"Balachandra Akhil
Kochi Tuskers Kerala",15,11,5,76,27*,12.66,55,138.18,0,0,5,5
226,"Travis Birt
Delhi Daredevils",5,5,0,75,27,15,58,129.31,0,0,9,2
227,"Michael Klinger
Kochi Tuskers Kerala",4,4,0,73,29,18.25,77,94.8,0,0,9,0
228,"Ramnaresh Sarwan
Kings XI Punjab",4,4,0,73,31,18.25,75,97.33,0,0,6,1
229,"Pat Cummins
Delhi Daredevils",15,9,4,70,24,14,52,134.61,0,0,5,3
230,"Azhar Bilakhia
Deccan Chargers",7,7,2,69,22,13.8,85,81.17,0,0,5,0
Pos,Player,Mat,Inns,NO,Runs,HS,Avg,BF,SR,100,50,4s,6s
231,"Ramesh Powar
Kings XI Punjab",27,10,7,67,28*,22.33,64,104.68,0,0,6,1
232,"Rahul Sharma
Chennai Super Kings",44,20,6,66,14*,4.71,75,88,0,0,5,3
233,"Wayne Parnell
Pune Warriors India",26,13,4,63,16,7,75,84,0,0,4,1
234,"Anirudh Singh
Deccan Chargers",5,4,0,63,40,15.75,66,95.45,0,0,6,1
235,"Andrew Flintoff
Chennai Super Kings",3,3,1,62,24,31,53,116.98,0,0,5,2
236,"Jason Roy
Gujarat Lions",3,3,1,59,31,29.5,40,147.5,0,0,9,1
237,"Sreenath Arvind
Royal Challengers Bangalore",38,12,8,59,14*,14.75,57,103.5,0,0,7,0
238,"WA Mota
Kings XI Punjab",12,8,2,56,25,9.33,75,74.66,0,0,2,0
239,"Mahesh Rawat
Pune Warriors India",18,12,7,55,23*,11,69,79.71,0,0,4,1
240,"Kagiso Rabada
Delhi Daredevils",6,3,0,55,44,18.33,64,85.93,0,0,5,1
Pos,Player,Mat,Inns,NO,Runs,HS,Avg,BF,SR,100,50,4s,6s
241,"Tim Southee
Mumbai Indians",28,9,3,54,25,9,35,154.28,0,0,3,3
242,"Rilee Rossouw
Royal Challengers Bangalore",5,5,0,53,24,10.6,51,103.92,0,0,3,3
243,"Aakash Chopra
Rajasthan Royals",7,6,0,53,24,8.83,71,74.64,0,0,7,0
244,"Andrew Tye
Gujarat Lions",6,3,1,53,25,26.5,30,176.66,0,0,4,3
245,"Shoaib Malik
Delhi Daredevils",7,5,1,52,24,13,47,110.63,0,0,5,0
246,"RP Singh
Rising Pune Supergiant",82,30,15,52,10,3.46,76,68.42,0,0,2,1
247,"Arun Karthik
Royal Challengers Bangalore",17,8,3,51,19*,10.2,51,100,0,0,4,1
248,"Ravi Rampaul
Royal Challengers Bangalore",12,7,2,51,23*,10.2,50,102,0,0,3,2
249,"Mitchell McClenaghan
Mumbai Indians",39,14,7,51,20,7.28,33,154.54,0,0,2,5
250,"Raiphi Gomez
Pune Warriors India",13,9,4,50,26*,10,51,98.03,0,0,5,1
Pos,Player,Mat,Inns,NO,Runs,HS,Avg,BF,SR,100,50,4s,6s
251,"Amit Paunikar
Sunrisers Hyderabad",5,5,0,49,20,9.8,58,84.48,0,0,9,0
252,"Amit Yadav
Kings XI Punjab",8,6,1,49,16,9.8,39,125.64,0,0,5,2
253,"SB Bangar
Deccan Chargers",12,8,1,49,17*,7,58,84.48,0,0,1,3
254,"Jagadeesha Suchith
Mumbai Indians",14,6,5,48,34*,48,32,150,0,0,4,2
255,"Yashpal Singh
Kochi Tuskers Kerala",8,4,0,47,20,11.75,66,71.21,0,0,5,0
256,"Harshal Patel
Royal Challengers Bangalore",35,14,5,47,10,5.22,34,138.23,0,0,2,3
257,"Nathan Coulter-Nile
Kolkata Knight Riders",24,12,4,46,9,5.75,46,100,0,0,3,3
258,"Varun Aaron
Kings XI Punjab",42,10,6,46,17*,11.5,55,83.63,0,0,2,2
259,"Chris Woakes
Kolkata Knight Riders",13,7,3,46,18,11.5,47,97.87,0,0,4,1
260,"Ishant Sharma
Kings XI Punjab",75,21,16,44,9,8.8,53,83.01,0,0,3,1
Pos,Player,Mat,Inns,NO,Runs,HS,Avg,BF,SR,100,50,4s,6s
261,"Sunny Singh
Kings XI Punjab",6,5,1,43,20,10.75,31,138.7,0,0,6,1
262,"Ishank Jaggi
Kolkata Knight Riders",5,5,1,43,25,10.75,58,74.13,0,0,3,0
263,"Jimmy Neesham
Kolkata Knight Riders",4,3,0,42,22,14,46,91.3,0,0,3,1
264,"Adrian Barath
Kings XI Punjab",3,3,1,42,33,21,42,100,0,0,5,1
265,"Siddharth Trivedi
Rajasthan Royals",76,15,8,42,9,6,59,71.18,0,0,3,1
266,"Ashish Nehra
Sunrisers Hyderabad",88,22,15,41,22*,5.85,62,66.12,0,0,3,1
267,"LPC Silva
Deccan Chargers",3,3,1,40,23*,20,26,153.84,0,0,5,1
268,"Ben Dunk
Mumbai Indians",3,3,0,40,20,13.33,35,114.28,0,0,7,0
269,"Munaf Patel
Gujarat Lions",62,14,9,39,23*,7.8,40,97.5,0,0,5,0
270,"Asad Pathan
Royal Challengers Bangalore",8,7,2,39,14,7.8,23,169.56,0,0,5,2
Pos,Player,Mat,Inns,NO,Runs,HS,Avg,BF,SR,100,50,4s,6s
271,"Dominic Thornely
Mumbai Indians",6,4,2,39,30,19.5,53,73.58,0,0,2,2
272,"Umar Gul
Kolkata Knight Riders",6,4,1,39,24,13,19,205.26,0,0,1,5
273,"Jason Holder
Kolkata Knight Riders",11,5,0,38,16,7.6,31,122.58,0,0,4,2
274,"Sheldon Jackson
Kolkata Knight Riders",4,3,1,38,16,19,31,122.58,0,0,5,0
275,"Sumit Narwal
Kolkata Knight Riders",7,4,1,37,23,12.33,27,137.03,0,0,6,0
276,"Kane Richardson
Royal Challengers Bangalore",14,4,1,36,26,12,39,92.3,0,0,2,1
277,"Lakshmipathy Balaji
Kings XI Punjab",73,15,7,36,15,4.5,49,73.46,0,0,2,1
278,"Joginder Sharma
Chennai Super Kings",16,6,2,36,16*,9,30,120,0,0,1,2
279,"Sohail Tanvir
Rajasthan Royals",11,5,2,36,13,12,29,124.13,0,0,3,1
280,"Bodapati Sumanth
Deccan Chargers",5,4,3,35,16,35,37,94.59,0,0,3,0
Pos,Player,Mat,Inns,NO,Runs,HS,Avg,BF,SR,100,50,4s,6s
281,"Anil Kumble
Royal Challengers Bangalore",42,17,14,35,8,11.66,47,74.46,0,0,3,0
282,"Abhimanyu Mithun
Sunrisers Hyderabad",16,8,3,34,11,6.8,26,130.76,0,0,4,1
283,"Aditya Dole
Rajasthan Royals",3,2,0,34,30,17,22,154.54,0,0,3,1
284,"Luke Ronchi
Mumbai Indians",5,5,0,34,13,6.8,34,100,0,0,6,1
285,"Shanthakumaran Sreesanth
Rajasthan Royals",44,14,10,34,15*,8.5,55,61.81,0,0,6,0
286,"Anureet Singh
Kings XI Punjab",20,7,3,33,15,8.25,43,76.74,0,0,2,1
287,"Dinesh Salunkhe
Rajasthan Royals",6,3,1,33,26*,16.5,24,137.5,0,0,5,0
288,"Robin Peterson
Mumbai Indians",5,5,2,32,16*,10.66,30,106.66,0,0,3,1
289,"S Sriram
Delhi Daredevils",2,2,0,31,27,15.5,36,86.11,0,0,3,0
290,"Rahul Tewatia
Kings XI Punjab",6,2,1,31,16,31,21,147.61,0,0,3,1
Pos,Player,Mat,Inns,NO,Runs,HS,Avg,BF,SR,100,50,4s,6s
291,"Tatenda Taibu
Kolkata Knight Riders",3,3,0,31,15,10.33,26,119.23,0,0,3,0
292,"Colin Munro
Kolkata Knight Riders",4,3,0,30,16,10,30,100,0,0,3,0
293,"Vijay Zol
Royal Challengers Bangalore",3,2,0,29,16,14.5,26,111.53,0,0,3,1
294,"Syed Mohammad
Royal Challengers Bangalore",11,5,3,29,13*,14.5,26,111.53,0,0,4,0
295,"Shadab Jakati
Gujarat Lions",59,8,7,28,13,28,29,96.55,0,0,3,0
296,"Basil Thampi
Gujarat Lions",12,5,5,28,13*,-,28,100,0,0,1,1
297,"JM Kemp
Chennai Super Kings",5,2,0,26,22,13,24,108.33,0,0,1,1
298,"Sandeep Sharma
Kings XI Punjab",55,12,11,26,7,26,35,74.28,0,0,1,0
299,"Mohammed Shami
Delhi Daredevils",38,15,7,26,7,3.25,42,61.9,0,0,1,1
300,"Ashok Dinda
Rising Pune Supergiant",78,17,7,26,7,2.6,48,54.16,0,0,2,0
Pos,Player,Mat,Inns,NO,Runs,HS,Avg,BF,SR,100,50,4s,6s
301,"Nathan McCullum
Sunrisers Hyderabad",2,2,1,26,15,26,22,118.18,0,0,0,1
302,"Shivnarine Chanderpaul
Royal Challengers Bangalore",3,3,0,25,16,8.33,31,80.64,0,0,4,0
303,"Aniket Choudhary
Royal Challengers Bangalore",5,3,2,25,15*,25,20,125,0,0,1,1
304,"Pradeep Sangwan
Gujarat Lions",37,12,7,24,6*,4.8,34,70.58,0,0,1,0
305,"MA Khote
Mumbai Indians",4,3,1,24,9,12,22,109.09,0,0,2,1
306,"Eklavya Dwivedi
Sunrisers Hyderabad",4,2,0,24,19,12,14,171.42,0,0,2,2
307,"Shahbaz Nadeem
Delhi Daredevils",54,17,6,24,6,2.18,64,37.5,0,0,1,0
308,"J Arunkumar
Royal Challengers Bangalore",3,3,0,23,22,7.66,23,100,0,0,5,0
309,"Nikhil Naik
Kings XI Punjab",2,2,0,23,22,11.5,31,74.19,0,0,1,0
310,"Shaun Tait
Kolkata Knight Riders",21,5,2,23,11,7.66,26,88.46,0,0,1,1
Pos,Player,Mat,Inns,NO,Runs,HS,Avg,BF,SR,100,50,4s,6s
311,"Jeevan Mendis
Delhi Daredevils",3,3,0,23,12,7.66,27,85.18,0,0,0,0
312,"Matthew Wade
Delhi Daredevils",3,3,0,22,11,7.33,33,66.66,0,0,0,0
313,"Brad Hogg
Kolkata Knight Riders",21,6,3,22,13,7.33,22,100,0,0,1,0
314,"Doug Bollinger
Chennai Super Kings",27,4,3,21,16*,21,23,91.3,0,0,1,1
315,"Colin Ingram
Delhi Daredevils",3,3,1,21,13*,10.5,26,80.76,0,0,2,0
316,"Harpreet Singh
Royal Challengers Bangalore",4,3,1,20,13,10,26,76.92,0,0,0,0
317,"Mohammad Hafeez
Kolkata Knight Riders",8,3,1,20,13,10,22,90.9,0,0,2,1
318,"Alfonso Thomas
Pune Warriors India",15,4,2,20,12,10,19,105.26,0,0,1,1
319,"Muttiah Muralitharan
Royal Challengers Bangalore",66,9,3,20,6,3.33,30,66.66,0,0,1,0
320,"RR Raje
Mumbai Indians",10,5,4,20,11*,20,18,111.11,0,0,1,1
Pos,Player,Mat,Inns,NO,Runs,HS,Avg,BF,SR,100,50,4s,6s
321,"Nic Maddinson
Royal Challengers Bangalore",3,3,0,20,12,6.66,21,95.23,0,0,4,0
322,"Akshdeep Nath
Gujarat Lions",5,4,0,20,12,5,28,71.42,0,0,1,0
323,"Damien Martyn
Rajasthan Royals",1,1,0,19,19,19,24,79.16,0,0,1,0
324,"Abhinav Mukund
Royal Challengers Bangalore",3,2,0,19,19,9.5,22,86.36,0,0,1,0
325,"R Bishnoi
Royal Challengers Bangalore",3,3,0,19,18,6.33,17,111.76,0,0,1,2
326,"Pradeep Sahu
Kings XI Punjab",5,2,1,19,18*,19,13,146.15,0,0,1,1
327,"Y Gnaneswara Rao
Kochi Tuskers Kerala",2,1,0,19,19,19,17,111.76,0,0,3,0
328,"Rahul Shukla
Delhi Daredevils",7,4,3,19,14,19,23,82.6,0,0,2,0
329,"Imran Tahir
Rising Pune Supergiant",32,6,2,18,5,4.5,25,72,0,0,3,0
330,"Pravin Tambe
Sunrisers Hyderabad",33,6,4,18,7*,9,39,46.15,0,0,1,0
Pos,Player,Mat,Inns,NO,Runs,HS,Avg,BF,SR,100,50,4s,6s
331,"Darren Lehmann
Rajasthan Royals",2,2,0,18,17,9,18,100,0,0,3,0
332,"Brad Haddin
Kolkata Knight Riders",1,1,0,18,18,18,11,163.63,0,0,2,1
333,"Harmeet Singh Bansal
Kings XI Punjab",27,6,2,18,14,4.5,12,150,0,0,3,0
334,"JJ van der Wath
Royal Challengers Bangalore",3,3,1,18,14*,9,16,112.5,0,0,1,1
335,"Parveez Rasool
Royal Challengers Bangalore",11,5,3,17,10,8.5,20,85,0,0,1,0
336,"Pragyan Ojha
Mumbai Indians",92,23,11,17,4,1.41,45,37.77,0,0,0,0
337,"Vishnu Vinod
Royal Challengers Bangalore",2,2,0,16,9,8,17,94.11,0,0,1,1
338,"Vijay Shankar
Sunrisers Hyderabad",3,2,1,16,15*,16,14,114.28,0,0,1,0
339,"Chamara Kapugedera
Chennai Super Kings",5,3,0,16,8,5.33,23,69.56,0,0,0,0
340,"KC Cariappa
Kings XI Punjab",10,4,1,15,12*,5,18,83.33,0,0,0,1
Pos,Player,Mat,Inns,NO,Runs,HS,Avg,BF,SR,100,50,4s,6s
341,"C Madan
Kochi Tuskers Kerala",1,1,0,15,15,15,19,78.94,0,0,3,0
342,"Yuzvendra Chahal
Royal Challengers Bangalore",55,10,7,15,4*,5,28,53.57,0,0,0,0
343,"GR Napier
Mumbai Indians",1,1,0,15,15,15,16,93.75,0,0,1,0
344,"Sean Abbott
Royal Challengers Bangalore",2,2,0,15,14,7.5,13,115.38,0,0,1,1
345,"Yo Mahesh
Chennai Super Kings",18,5,3,15,6*,7.5,27,55.55,0,0,0,0
346,"Abu Nechim
Royal Challengers Bangalore",10,4,3,14,5*,14,6,233.33,0,0,3,0
347,"Shreyas Gopal
Mumbai Indians",6,3,1,14,11,7,27,51.85,0,0,1,0
348,"Deepak Chahar
Rising Pune Supergiant",5,1,0,14,14,14,6,233.33,0,0,0,2
349,"Farhaan Behardien
Kings XI Punjab",3,3,1,14,9*,7,13,107.69,0,0,2,0
350,"Kushal Janith Perera
Rajasthan Royals",2,2,0,14,14,7,13,107.69,0,0,3,0
Pos,Player,Mat,Inns,NO,Runs,HS,Avg,BF,SR,100,50,4s,6s
351,"Samuel Badree
Royal Challengers Bangalore",12,5,0,13,8,2.6,23,56.52,0,0,0,0
352,"DT Patil
Royal Challengers Bangalore",2,2,0,13,9,6.5,13,100,0,0,1,0
353,"Kyle Abbott
Chennai Super Kings",5,3,2,13,12*,13,8,162.5,0,0,0,1
354,"T Thushara
Chennai Super Kings",6,4,2,12,8,6,18,66.66,0,0,0,0
355,"Ankeet Chavan
Rajasthan Royals",13,3,1,12,7*,6,11,109.09,0,0,2,0
356,"Doug Bracewell
Delhi Daredevils",1,1,1,12,12*,-,9,133.33,0,0,1,0
357,"Karanveer Singh
Kings XI Punjab",9,4,3,12,5*,12,17,70.58,0,0,1,0
358,"Krishnakant Upadhyay
Pune Warriors India",3,2,2,12,11*,-,9,133.33,0,0,0,1
359,"Ankit Bawne
Delhi Daredevils",1,1,1,12,12*,-,12,100,0,0,1,0
360,"Rashid Khan
Sunrisers Hyderabad",12,3,1,11,6*,5.5,9,122.22,0,0,0,1
Pos,Player,Mat,Inns,NO,Runs,HS,Avg,BF,SR,100,50,4s,6s
361,"T Henderson
Rajasthan Royals",2,2,0,11,11,5.5,16,68.75,0,0,0,1
362,"Makhaya Ntini
Chennai Super Kings",9,2,1,11,11,11,18,61.11,0,0,2,0
363,"T Kohli
Kings XI Punjab",4,4,1,11,7,3.66,19,57.89,0,0,0,1
364,"DNT Zoysa
Deccan Chargers",3,2,1,11,10*,11,9,122.22,0,0,1,0
365,"Sachithra Senanayake
Kolkata Knight Riders",8,4,3,10,7*,10,17,58.82,0,0,0,0
366,"Ali Murtaza
Pune Warriors India",12,3,2,10,5,10,14,71.42,0,0,1,0
367,"Kemar Roach
Deccan Chargers",2,1,0,10,10,10,9,111.11,0,0,1,0
368,"D du Preez
Royal Challengers Bangalore",2,1,0,10,10,10,13,76.92,0,0,0,0
369,"Thalaivan Sargunam
Sunrisers Hyderabad",1,1,0,10,10,10,17,58.82,0,0,0,0
370,"Tim Paine
Pune Warriors India",2,2,0,10,8,5,26,38.46,0,0,0,0
Pos,Player,Mat,Inns,NO,Runs,HS,Avg,BF,SR,100,50,4s,6s
371,"Juan Theron
Rajasthan Royals",10,4,2,10,7*,5,12,83.33,0,0,1,0
372,"Siddarth Kaul
Sunrisers Hyderabad",19,4,4,9,7*,-,13,69.23,0,0,0,0
373,"Ashley Noffke
Royal Challengers Bangalore",1,1,0,9,9,9,10,90,0,0,1,0
374,"Jasprit Bumrah
Mumbai Indians",44,6,4,9,6,4.5,15,60,0,0,1,0
375,"SM Harwood
Rajasthan Royals",3,2,2,9,6*,-,14,64.28,0,0,0,0
376,"Tymal Mills
Royal Challengers Bangalore",5,3,0,8,6,2.66,11,72.72,0,0,0,1
377,"Charl Langeveldt
Royal Challengers Bangalore",7,2,0,8,8,4,9,88.88,0,0,0,1
378,"Clint McKay
Sunrisers Hyderabad",2,1,0,8,8,8,15,53.33,0,0,0,0
379,"Jaskaran Singh
Rising Pune Supergiant",8,5,4,8,4*,8,11,72.72,0,0,0,0
380,"Tanmay Srivastava
Deccan Chargers",7,3,2,8,7,8,11,72.72,0,0,0,0
Pos,Player,Mat,Inns,NO,Runs,HS,Avg,BF,SR,100,50,4s,6s
381,"Arindam Ghosh
Kolkata Knight Riders",2,2,0,7,7,3.5,8,87.5,0,0,1,0
382,"Udit Birla
Pune Warriors India",2,1,0,7,7,7,14,50,0,0,1,0
383,"Ankit Soni
Gujarat Lions",6,2,1,7,7*,7,3,233.33,0,0,0,1
384,"Adam Milne
Royal Challengers Bangalore",5,3,1,7,5,3.5,12,58.33,0,0,0,0
385,"Vikramjeet Malik
Royal Challengers Bangalore",13,2,1,7,6,7,7,100,0,0,1,0
386,"Pankaj Singh
Rajasthan Royals",17,5,3,7,4*,3.5,12,58.33,0,0,0,0
387,"Shardul Thakur
Rising Pune Supergiant",10,4,1,7,7*,2.33,9,77.77,0,0,1,0
388,"I Malhotra
Deccan Chargers",1,1,1,7,7*,-,4,175,0,0,1,0
389,"Darren Bravo
Kolkata Knight Riders",1,1,1,6,6*,-,5,120,0,0,1,0
390,"Bhargav Bhatt
Kings XI Punjab",17,2,1,6,6*,6,7,85.71,0,0,0,1
Pos,Player,Mat,Inns,NO,Runs,HS,Avg,BF,SR,100,50,4s,6s
391,"Peter Handscomb
Rising Pune Supergiant",2,1,0,6,6,6,12,50,0,0,0,0
392,"SB Joshi
Royal Challengers Bangalore",4,2,0,6,3,3,14,42.85,0,0,0,0
393,"Jayant Yadav
Delhi Daredevils",10,2,0,6,5,3,10,60,0,0,0,0
394,"SS Shaikh
Kolkata Knight Riders",2,1,0,6,6,6,7,85.71,0,0,1,0
395,"Jaydev Unadkat
Rising Pune Supergiant",44,6,5,5,2*,5,13,38.46,0,0,0,0
396,"Shalabh Srivastava
Kings XI Punjab",14,4,3,5,3*,5,5,100,0,0,0,0
397,"Shivam Sharma
Kings XI Punjab",5,2,1,5,4,5,3,166.66,0,0,1,0
398,"Parvinder Awana
Kings XI Punjab",33,7,5,5,4*,2.5,14,35.71,0,0,0,0
399,"Adam Zampa
Rising Pune Supergiant",8,2,0,5,5,2.5,8,62.5,0,0,1,0
400,"Nuwan Kulasekara
Chennai Super Kings",6,1,1,5,5*,-,3,166.66,0,0,1,0
Pos,Player,Mat,Inns,NO,Runs,HS,Avg,BF,SR,100,50,4s,6s
401,"Ben Laughlin
Sunrisers Hyderabad",2,2,1,4,4*,4,9,44.44,0,0,0,0
402,"Amit Uniyal
Rajasthan Royals",2,2,1,4,4*,4,7,57.14,0,0,0,0
403,"VRV Singh
Kings XI Punjab",19,2,0,4,4,2,3,133.33,0,0,1,0
404,"Ajit Chandila
Rajasthan Royals",12,2,2,4,4*,-,7,57.14,0,0,0,0
405,"Dirk Nannes
Chennai Super Kings",29,3,2,4,3,4,13,30.76,0,0,0,0
406,"RS Sodhi
Kings XI Punjab",3,1,1,4,4*,-,2,200,0,0,1,0
407,"Dilhara Fernando
Mumbai Indians",10,2,2,4,2*,-,3,133.33,0,0,0,0
408,"Kuldeep Yadav
Kolkata Knight Riders",14,1,0,4,4,4,7,57.14,0,0,0,0
409,"Glenn McGrath
Delhi Daredevils",14,3,2,4,4*,4,5,80,0,0,1,0
410,"Washington Sundar
Rising Pune Supergiant",8,3,3,4,2*,-,8,50,0,0,0,0
Pos,Player,Mat,Inns,NO,Runs,HS,Avg,BF,SR,100,50,4s,6s
411,"Barinder Sran
Sunrisers Hyderabad",16,4,4,4,2*,-,4,100,0,0,0,0
412,"Kamran Khan
Pune Warriors India",9,2,1,3,3,3,5,60,0,0,0,0
413,"Younis Khan
Rajasthan Royals",1,1,0,3,3,3,7,42.85,0,0,0,0
414,"Chris Jordan
Sunrisers Hyderabad",9,1,0,3,3,3,4,75,0,0,0,0
415,"Ajantha Mendis
Pune Warriors India",10,3,1,3,2,1.5,6,50,0,0,0,0
416,"D Kalyankrishna
Deccan Chargers",3,1,0,3,3,3,8,37.5,0,0,0,0
417,"Mohammad Asif
Delhi Daredevils",8,2,0,3,3,1.5,6,50,0,0,0,0
418,"Ryan Ninan
Royal Challengers Bangalore",2,1,0,3,3,3,6,50,0,0,0,0
419,"Rahul Chahar
Rising Pune Supergiant",3,1,1,3,3*,-,2,150,0,0,0,0
420,"Sudeep Tyagi
Sunrisers Hyderabad",14,3,2,3,3*,3,4,75,0,0,0,0
Pos,Player,Mat,Inns,NO,Runs,HS,Avg,BF,SR,100,50,4s,6s
421,"Suraj Randiv
Chennai Super Kings",8,1,0,2,2,2,4,50,0,0,0,0
422,"Mohammad Nabi
Sunrisers Hyderabad",2,1,0,2,2,2,3,66.66,0,0,0,0
423,"Mashrafe Mortaza
Kolkata Knight Riders",1,1,1,2,2*,-,2,100,0,0,0,0
424,"H Das
Deccan Chargers",1,1,0,2,2,2,5,40,0,0,0,0
425,"RS Gavaskar
Kolkata Knight Riders",2,1,0,2,2,2,8,25,0,0,0,0
426,"Swapnil Singh
Kings XI Punjab",4,2,0,2,2,1,3,66.66,0,0,0,0
427,"Shoaib Akhtar
Kolkata Knight Riders",3,1,0,2,2,2,7,28.57,0,0,0,0
428,"Amit Singh
Rajasthan Royals",23,5,1,2,1*,0.5,10,20,0,0,0,0
429,"KP Appanna
Royal Challengers Bangalore",14,3,2,2,1*,2,4,50,0,0,0,0
430,"Ronit More
Chennai Super Kings",2,1,1,2,2*,-,2,100,0,0,0,0
Pos,Player,Mat,Inns,NO,Runs,HS,Avg,BF,SR,100,50,4s,6s
431,"Mohammad Ashraful
Mumbai Indians",1,1,0,2,2,2,10,20,0,0,0,0
432,"VS Yeligati
Mumbai Indians",2,1,0,2,2,2,2,100,0,0,0,0
433,"Shrikant Wagh
Pune Warriors India",8,2,0,2,2,1,3,66.66,0,0,0,0
434,"Ankit Rajpoot
Kolkata Knight Riders",9,1,1,2,2*,-,6,33.33,0,0,0,0
435,"Nathan Rimmington
Kings XI Punjab",1,1,1,1,1*,-,1,100,0,0,0,0
436,"Domnic Joseph
Delhi Daredevils",6,2,1,1,1,1,3,33.33,0,0,0,0
437,"PM Sarvesh Kumar
Deccan Chargers",2,1,1,1,1*,-,2,50,0,0,0,0
438,"Lockie Ferguson
Rising Pune Supergiant",2,1,1,1,1*,-,1,100,0,0,0,0
439,"DP Vijaykumar
Deccan Chargers",9,2,2,1,1*,-,1,100,0,0,0,0
440,"Beuran Hendricks
Kings XI Punjab",7,3,2,1,1*,1,3,33.33,0,0,0,0
Pos,Player,Mat,Inns,NO,Runs,HS,Avg,BF,SR,100,50,4s,6s
441,"P Parameswaran
Royal Challengers Bangalore",5,1,1,1,1*,-,1,100,0,0,0,0
442,"Marchant de Lange
Mumbai Indians",5,1,0,1,1,1,2,50,0,0,0,0
443,"Shane Bond
Kolkata Knight Riders",8,1,0,1,1,1,2,50,0,0,0,0
444,"Tanmay Mishra
Royal Challengers Bangalore",1,0,0,0,0*,-,,-,0,0,0,0
445,"Gurinder Sandhu
Delhi Daredevils",3,0,0,0,0*,-,,-,0,0,0,0
446,"C Nanda
Mumbai Indians",3,1,0,0,0*,0,1,0,0,0,0,0
447,"Scott Boland
Rising Pune Supergiant",2,0,0,0,0*,-,,-,0,0,0,0
448,"Billy Stanlake
Royal Challengers Bangalore",2,0,0,0,0*,-,,-,0,0,0,0
449,"Gajendra Singh
Rajasthan Royals",4,0,0,0,0*,-,,-,0,0,0,0
450,"Michael Neser
Kings XI Punjab",1,0,0,0,0*,-,,-,0,0,0,0
Pos,Player,Mat,Inns,NO,Runs,HS,Avg,BF,SR,100,50,4s,6s
451,"C Ganapathy
Chennai Super Kings",1,1,1,0,0*,-,,-,0,0,0,0
452,"Mustafizur Rahman
Sunrisers Hyderabad",17,0,0,0,0*,-,,-,0,0,0,0
453,"Murugan Ashwin
Delhi Daredevils",10,1,0,0,0*,0,1,0,0,0,0,0
454,"Rinku Singh
Kings XI Punjab",1,0,0,0,0*,-,,-,0,0,0,0
455,"Veer Pratap Singh
Kolkata Knight Riders",9,1,0,0,0*,0,1,0,0,0,0,0
456,"Shivil Kaushik
Gujarat Lions",10,2,1,0,0*,0,1,0,0,0,0,0
457,"U Kaul
Kings XI Punjab",5,1,1,0,0*,-,1,0,0,0,0,0
458,"Harmeet Singh
Rajasthan Royals",1,0,0,0,0*,-,,-,0,0,0,0
459,"Sunny Gupta
Delhi Daredevils",1,1,0,0,0*,0,1,0,0,0,0,0
460,"SS Mundhe
Pune Warriors India",1,0,0,0,0*,-,,-,0,0,0,0
Pos,Player,Mat,Inns,NO,Runs,HS,Avg,BF,SR,100,50,4s,6s
461,"Ben Hilfenhaus
Delhi Daredevils",17,1,1,0,0*,-,,-,0,0,0,0
462,"Raju Bhatkal
Royal Challengers Bangalore",1,1,0,0,0*,0,2,0,0,0,0,0
463,"Love Ablish
Kings XI Punjab",3,1,1,0,0*,-,2,0,0,0,0,0
464,"Tejas Baroka
Gujarat Lions",1,0,0,0,0*,-,,-,0,0,0,0
465,"Trent Boult
Kolkata Knight Riders",12,0,0,0,0*,-,,-,0,0,0,0
466,"Tabraiz Shamsi
Royal Challengers Bangalore",4,0,0,0,0*,-,,-,0,0,0,0
467,"RV Pawar
Delhi Daredevils",1,0,0,0,0*,-,,-,0,0,0,0
468,"P Amarnath
Chennai Super Kings",6,0,0,0,0*,-,,-,0,0,0,0
469,"Matt Henry
Kings XI Punjab",2,0,0,0,0*,-,,-,0,0,0,0
470,"Aavishkar Salvi
Delhi Daredevils",7,0,0,0,0*,-,,-,0,0,0,0
Pos,Player,Mat,Inns,NO,Runs,HS,Avg,BF,SR,100,50,4s,6s
471,"Nathu Singh
Gujarat Lions",2,0,0,0,0*,-,,-,0,0,0,0
472,"RR Bose
Kings XI Punjab",1,0,0,0,0*,-,,-,0,0,0,0
473,"Kedar Devdhar
Deccan Chargers",1,0,0,0,0*,-,,-,0,0,0,0
474,"YA Abdulla
Kings XI Punjab",11,1,1,0,0*,-,1,0,0,0,0,0
475,"Abrar Kazi
Royal Challengers Bangalore",1,0,0,0,0*,-,,-,0,0,0,0
476,"Krishmar Santokie
Mumbai Indians",2,0,0,0,0*,-,,-,0,0,0,0
477,"Ishwar Pandey
Rising Pune Supergiant",25,1,0,0,0*,0,2,0,0,0,0,0
478,"Mohammed Siraj
Sunrisers Hyderabad",5,0,0,0,0*,-,,-,0,0,0,0
479,"Anand Rajan
Sunrisers Hyderabad",8,0,0,0,0*,-,,-,0,0,0,0
480,"TP Sudhindra
Deccan Chargers",3,1,1,0,0*,-,,-,0,0,0,0
Pos,Player,Mat,Inns,NO,Runs,HS,Avg,BF,SR,100,50,4s,6s
481,"P Prasanth
Kochi Tuskers Kerala",1,0,0,0,0*,-,,-,0,0,0,0
482,"Nayan Doshi
Rajasthan Royals",4,1,0,0,0*,0,13,0,0,0,0,0
483,"RA Shaikh
Mumbai Indians",1,0,0,0,0*,-,,-,0,0,0,0
484,"Andre Nel
Mumbai Indians",1,1,0,0,0*,-,,-,0,0,0,0
485,"Shubham Agarwal
Gujarat Lions",1,0,0,0,0*,-,,-,0,0,0,0
486,"Brett Geeves
Delhi Daredevils",2,0,0,0,0*,-,,-,0,0,0,0
487,"T Natarajan
Kings XI Punjab",6,0,0,0,0*,-,,-,0,0,0,0
488,"Abdur Razzak
Royal Challengers Bangalore",1,1,1,0,0*,-,2,0,0,0,0,0
489,"John Hastings
Kolkata Knight Riders",3,0,0,0,0*,-,,-,0,0,0,0
490,"Sarabjit Ladda
Gujarat Lions",9,2,1,0,0*,0,9,0,0,0,0,0
Pos,Player,Mat,Inns,NO,Runs,HS,Avg,BF,SR,100,50,4s,6s
491,"P Dharmani
Kings XI Punjab",1,0,0,0,0*,-,,-,0,0,0,0
492,"Pawan Suyal
Delhi Daredevils",5,0,0,0,0*,-,,-,0,0,0,0